320	0	7-10-8-14	Toward the end of his term , ElBaradei changed his tone about Iran , creating the impression that he had had awakened from his illusion that Iran could be convinced to compromise .
321	1	23-26-25-28	Since 2004 , the Christian nonprofit group Focus on the Family has placed 341 ultrasound machines in pregnancy crisis centers , where staff members typically discourage women from getting abortions .
322	1	1-7-5-10	The NSC also plans to select four segments to be given English subtitles so that they can be broadcast abroad to help foreigners understand Taiwan 's scientific achievements , Chang added .
323	0	3-8-6-12	But while George Kennedy , who served five years in prison for having sex with a 15-year-old girl , and convicted rapist Roy Lee Smith remain in prison for parole violations , police said months ago they are not connected with Nevaeh 's murder .
324	0	4-7-5-10	California Democratic Sen. Barbara Boxer went a step further , calling Palin a `` dangerous choice '' because of her inexperience .
325	0	14-20-16-25	On Monday , Saudi permanent representative to the AL Ahmad Qattan said here that he would head his country 's delegation to the summit , ruling out the presence of Saudi King Abdullah , whose country holds the rotating chairmanship of the 19th summit .
326	0	1-21-19-23	James Dobson , head of the conservative group Focus on the Family and a past critic of McCain , praised the Palins , saying the couple should `` be commended once again for not just talking about their pro-life and pro-family values , but living them out even in the midst of trying circumstances . ''
327	0	16-21-17-23	His physician said he did not suffer a stroke , as was first suspected , and he recovered enough by Saturday afternoon to watch a Boston Red Sox baseball game on television and eat takeout food from the city 's famed Legal Sea Foods .
328	0	41-45-42-1	While breaking no new ground in his defense of Gonzales -- who served as his first White House counsel and , before that , as a Texas supreme court justice and a Bush legal adviser in Texas -- the president 's response offered a new sign of support .
329	1	21-24-22-26	A laboratory test on seawater from six tourist beaches in Indonesia 's Bali shows that they are polluted , the Jakarta Globe quoted an expert as saying on Friday .
330	1	0-4-2-6	She recently called on Reid to repeal the policy during an interview with talk show host Ellen DeGeneres .
331	0	0-3-1-9	He attended Oxford University as a Rhodes scholar , majoring in Arabic , Arab history and Muslim law .
332	0	1-20-18-22	Major opposition All Basotho Convention has already indicated it will not be part of the march and will dissuade its membership from attending .
333	0	17-13-14-0	Speaking at the ceremony at St Stephan 's Cathedral , Austrian President Heinz Fischer praised Waldheim 's contribution to the development of Austria and the human beings .
334	0	4-11-5-13	In February , the company dropped its $ 560 million stock-and-cash bid to buy out National Beef Packing Co. , the fourth-largest U.S. beef processor .
335	0	10-15-12-22	In the Nevada Senate race , for instance , independent groups had spent at least $ 4.2 million through early October to oppose Senate Majority Leader Harry Reid , a Democrat , and support his Republican rival , Sharron Angle , according to data from the Federal Election Commission and the Committee for Responsive Politics , an independent research group .
336	0	9-12-10-0	Named ABA Rookie of the Year in 1975 , Barnes averaged 24.1 points and 13.4 rebounds in his two ABA seasons before the league folded .
337	1	17-30-28-35	Transportation Secretary Ray LaHood said in a statement that he has directed the Federal Motor Carrier Safety Administration -LRB- FMCSA -RRB- to `` use its existing authority to prohibit commercial truck and bus drivers from texting while driving , using any handheld cellphone or other device that takes a driver 's attention off the road . ''
338	1	23-29-24-31	Russia may seek the extradition of Viktor Bout , an internationally wanted arms dealer arrested in Bangkok on Thursday , RIA Novosti news agency quoted a Russian law enforcement official as saying .
339	1	2-8-6-10	while ConAgra Foods will try to entice theater owners into stocking Slim Jims and Crunch 'n Munch .
340	1	4-7-5-9	This spring , the church gave Dillinger research to back his case as he pushed the Legislature for changes limiting the use of psychotropic drugs on children in state care .
341	0	5-21-19-27	Last year , the Red Sox , facing elimination , rallied from a seven-run deficit in Game 5 and took Tampa Bay to a seventh game before succumbing .
342	0	0-6-1-14	Magellan averaged a 29 percent annual return from 1977 to 1990 under Lynch , helping drive Fidelity 's strong growth in the 1980s and into the 1990s .
343	0	2-9-5-15	The ABC leader has already voiced a number of grievances about the electoral process , raising the spectre of another contested ballot in a nation which underwent huge turmoil when the 1998 election outcome was disputed .
344	1	19-23-22-25	Chris Diamantopoulos may be playing the best gay pal of Debra Messing on a TV show , but the actor does n't want anyone to expect his role on USA Network 's `` The Starter Wife '' to resemble the Eric McCormack part on Messing 's last series , `` Will & amp ; Grace . ''
345	1	24-37-28-40	The Justice Department took steps on Tuesday to shut down a big piece of the Jackson Hewitt tax-preparation empire , charging that more than 165 of its stores enabled tens of thousands of middle - and lower-income people to fraudulently obtain $ 70 million by falsifying their federal tax returns .
346	1	7-14-8-20	A Mainland Affairs Council -LRB- MAC -RRB- official warned Taiwan 's local travel agency operators and tour guides Sunday from dealing in yuan , the Chinese currency .
347	0	42-45-44-47	Some news sources say that no live Nukes have been airborne since SAC ended the chromedome flights after that mess at Thule , but I find that hard to believe , since SAC was at DEFCON3 over the '73 war when the Soviets were making noises about supporting the Syrians , and there was another when Nixon was trying to make a point , Operation Lance , or something like that , where B-52s were back on the racetrack pattern at Failsafe point
348	0	7-10-8-20	Nader has raised $ 1.9 million since he entered the race this year , including $ 365,973 in August , leaving him with $ 390,118 in the bank at the end of the month , according to campaign finance reports filed this week with the Federal Election Commission .
349	0	16-20-17-22	In testimony by satellite link from Germany to a House of Representatives ' panel , Murat Kurnaz recounted his five-year detention , alleging a wide range of torture and abuse .
350	0	2-5-3-7	Still , Pandit collected a windfall from selling his investment fund , Old Lane Partners , to Citigroup for $ 800 million in April 2007 .
351	0	4-12-11-21	Both courts ruled that Flavin and DCC had falsely tried to distance themselves from the sale of the Fyffes shares by using a Dutch-registered tax shelter called Lotus Green .
352	0	0-5-3-7	Palu , who broke his hand while playing for the NSW Waratahs during the Super 14 series , has missed all of Australia 's matches this year against the Barbarians , Italy -LRB- twice -RRB- and France and takes the place of Dean Mumm , who goes on to the reserves bench .
353	1	16-18-17-23	While he didnt give any specifics of how and when certain changes would occur , his words led people on the street to expect some action to come in the beginning of 2008 .
354	0	2-8-4-16	George W. Bush formally named the first US envoy to the OIC in February 2008 , appointing Texas entrepreneur Sada Cumber .
355	0	4-17-15-19	On Monday , FirstGroup PLC , the largest surface-transportation company in the United Kingdom , took over Laidlaw to complete a $ 36 billion -LRB- euro2 54 billion -RRB- acquisition .
356	0	1-12-10-20	Daniel Peterson , a railway porter and self-taught pianist , bestowed his love of music to his five children , offering them a means to escape from poverty .
357	1	28-31-29-33	Efforts to create `` community forests '' , aimed to improve the welfare of people living near forested areas , have been unsuccessful so far , the Jakarta Globe quoted an official as saying on Monday .
358	0	3-10-6-12	She portrayed Rosa Parks , who sparked the civil rights movement by refusing to give up her bus seat in a miniseries , `` King '' -LRB- 1978 -RRB- , and Betty Shabazz , the wife of Malcolm X , in `` Death of a Prophet '' -LRB- 1981 -RRB- .
359	1	69-73-71-76	Similar redemption with an ethnic tinge as Paul Kim strikes a blow for every Asian actor killed by Chuck Norris , Sylvester Stallone , and Mickey Rooney combined by proving that all your stereotypes about asian men are wrong , wrong , wrong ... except for the one where he 's a really good looking asian poolboy ... which causes Simon to quietly press the special button on his PDA that sends an intern out to procure a discrete apartment in the Valley and a bank account under the name `` Ping . ''
360	1	24-27-25-37	Accusing Ma of being totally wrong to insist on promoting Taiwan 's dealings with China based on the so-called `` 1992 consensus , '' Chen quoted C.F. Koo , ex-Chairman of the Straits Exchange Foundation , as admitting that it was a term created by former Mainland Affairs Council Chairman Su Chi in April 2000 .
361	0	10-16-14-20	ANKARA -- Turkish Interior Minister Besir Atalay said Wednesday that Turkey is determined to take more steps towards democracy to solve the Kurdish issue , local newspaper Daily News reported .
362	0	19-29-27-31	We just came home from a cruise on Carnival and when we were in Roatan -LRB- Honduras -RRB- the captain on a Costa Ship -LRB- Atlantica -RRB- took 2 hours to moor up at the pier ... which made us have to wait to moor up too -LRB- takes about 15 mins normally -RRB- .
363	0	9-15-11-49	The report also notes a 2003 e-mail between Citizens employees that discussed a $ 3,600 sponsorship for Saint Anselm College , of Manchester , N.H. , as well as a $ 2,500 sponsorship of a 2004 diversity scholarship dinner for Sacred Heart University in Fairfield , Conn. , to try to maintain the bank 's business on the campuses .
364	0	1-5-3-7	`` We deeply regret our mistake in blocking certain accounts , '' said Shannon Bell , Citibank 's deputy director of public relations in New York .
365	0	2-5-3-20	Carnival 's stock gained $ 1.68 , or 3.9 percent , to $ 44.93 cents in Tuesday morning trading after reacing a 52-week high of $ 45.26 .
366	1	47-53-50-63	Washington State imposed a 2-cents-per-12-ounce tax on carbonated beverages for three years , and Washington , D.C. and Colorado removed sugared beverages from the list of groceries that were exempt from sales taxes , Christopher Gindlesperger , a spokesman for the American Beverage Association , said the industry did not consider the sales tax , which touches an array of products , as bad as a per-ounce levy on soda .
367	0	12-16-13-21	Insurance and banking shares led Wednesday 's gains after Moody 's Investors Service affirmed top-notch credit ratings for MBIA Inc. , reducing worries about insurers of so-called `` monolines '' -- single financial services such as home mortgages or one class of insurance .
368	1	23-27-26-29	Despite concerns over Vice President-elect Vincent Siew 's participation in the upcoming Boao Forum for Asia -LRB- BFA -RRB- , there are no regulations that would prevent him from going , a Mainland Affairs Council -LRB- MAC -RRB- spokesman said Monday .
369	0	6-10-7-12	Two years ago , the Canadian government issued a 50-cent stamp to celebrate Oscar Peterson 's 80th birthday .
370	0	31-36-33-24	Pakistan People 's Party -LRB- PPP -RRB- Punjab president , Shah Mahmood Quraishi along with several of his associates have been arrested , while leading a PPP motorcade from Okara , he was addressing a press conference at the residence of MPA Raja Riaz here .
371	1	1-16-15-18	Several staffers from the National Action Network , a Sharpton-led civil rights organization , also got subpoenas to testify , said Sharpton lawyer Michael Hardy .
372	1	8-12-9-1	To help develop proper screening procedures , the TSA formed a disability coalition of at least 70 organizations nationally , including the Amputee Coalition of America , The Seeing Eye dog - guide school , Paralyzed Veterans of America , United Ostomy Associations of America and Englewood 's Craig Hospital , a recognized center for treating spinal-cord injuries .
373	1	39-42-40-57	I had been talking to both my mother and my sister about the situation prior to calling cps , and they were well aware of what was going on , the day the children were removed from the schools I called my mother and my sister -LRB- who had rooms already set up for them -RRB- to go get them from the state NOW .
374	1	13-19-15-22	The AMA would help that group develop their statements , and then the AMA would tout the group 's position as being independent of the AMA 's .
375	1	24-29-27-31	Sen Barbara Boxer , D-Calif , the chair of the Senate Environment and Public Works Committee , hailed Warner 's announcement as a groundbreaking move that could convince other Republicans to support a climate change bill .
376	1	23-27-25-29	The chopper from Sea Shepherd Conservation Society 's main ship was trying to find the Japanese fleet 's whale processing ship and resume attempts to harass the whalers into giving up their hunt , the group 's founder and ship captain Paul Watson said .
377	1	51-57-56-59	Among the measures with which he was most closely identified were the Comprehensive Employment and Training Act , which was designed to create jobs ; the Youth Employment and Demonstration Projects Act of 1977 , which created jobs for young people involving conservation and community-improvement activities ; and the Pregnancy Disability Act of 1978 , which barred employers from discriminating on the basis of pregnancy and required them to cover pregnant workers in their disability and health - insurance plans .
378	1	4-17-15-20	Supreme Leader Ayatollah Ali Khamenei , who has final say on all state matters , accused the opposition Sunday of exposing divisions in the country and creating opportunities for Iran 's enemies .
379	0	7-12-9-0	Written by Mark Harris , `` Boomer Century '' offers a pop-lite history of the phenomena that shaped the generation born of post - World War II optimism -- TV , JFK , Vietnam , the Beatles , drugs and free love , etc. -- with occasional sound-bites from historians and personalities like Rob Reiner , Tony Snow , Erica Jong , Oliver Stone , Julian Bond and Eve Ensler .
380	1	0-9-2-26	Bush has designated Health and Human Services Secretary Michael Leavitt , Office of Management and Budget director Jim Nussle , and economic adviser Al Hubbard to negotiate with Congress .
381	1	1-8-4-41	Media reports have also mentioned several other Japanese companies , including regional Hiroshima Bank , trading houses Sumitomo Corp. and Itochu Corp. , insurance firms including Tokio Marine Holdings Inc. as well as auto parts maker Denso Corp. , have been named as willing buyers of Mazda shares from Ford .
382	0	12-17-15-19	After the California Supreme Court 's ruling in May , the talk-show host , who opens her show by dancing with the audience , announced that she and de Rossi would wed after four years together .
383	0	0-2-1-6	Haddad-Adel left Cuba on Sunday after meeting with Cuban President Fidel Castro , Foreign Minister Felipe Perez , Vice-President Carlos Lage and his counterpart Ricardo Alarcon .
384	0	7-13-11-15	The Tokyo Stock Exchange 's benchmark Nikkei-225 index of leading shares rose 202.25 points to end at 16,844.50 , a day after slumping 3.34 percent .
385	1	13-23-18-25	Tikhonov died in a Moscow clinic days after a heart attack , the ITAR-Tass and RIA Novosti agencies cited the Russian Cinematographers ' Union as saying .
386	0	1-5-2-21	Alexandra Burke won the 2008 edition of the British music reality television contest `` The X Factor '' on Saturday , scooping a massive recording contract and a path to stardom .
387	0	0-23-20-28	White , who took the stand just minutes before the tribunal 's hour-long lunch break , is also expected to challenge Campbell 's version of events , having told prosecutors that Taylor and her ex-protegee were `` mildly flirtatious '' throughout the dinner , and that she heard him promise the model a gift of diamonds .
388	1	21-32-30-34	Obama 's aides said they had learned from what they described as the mistake of the 2004 Democratic convention -- when aides to Sen. John Kerry 's campaign sought to forbid convention speakers from going after President Bush -- and would use these four days to draw sharp contrasts with Sen. John McCain , particularly on the economy and McCain 's opposition to abortion rights .
389	0	56-61-59-63	These knowledgeable Americans seem to believe that if we could just get around the Jewish hardliners somehow -- if we could just neutralize Jews such as Wolfowitz and Feith and Perle ; if Ariel Sharon could be replaced by a `` moderate '' Jewish prime minister -- then the `` peace process '' could proceed , America could gradually reduce its involvement in helping the Jews keep the Palestinians repressed , and eventually Israel no longer would be using America , and everything would be rosy .
390	0	6-9-8-1	After winning its 2007 appeal , Fyffes initially pressed Flavin for its original euro85 million demand back in the High Court , but backed off after receiving advice that DCC would be certain to appeal any such award to the Supreme Court .
391	0	16-22-18-27	On Monday , Saudi permanent representative to the Arab League Ahmad Qattan said in Damascus that he would head his country 's delegation to the summit , ruling out the presence of Saudi King Abdullah or Foreign Minister Prince Saud al - Faisal .
392	1	1-11-10-13	The suit sought unspecified damages and a court order to stop DirecTV from saying in advertising that Time Warner Cable subscribers can not watch their local NFL teams play games when DirecTV is showing games on the NFL Network .
393	0	5-14-11-16	Political analysts and economists said those in Russia could have hardly expected a different outcome after watching former KGB agent Putin address the nation earlier this month .
394	0	22-27-24-29	Yvonne Neddo , information officer of the Taipei-based Manila Economic and Cultural Office -LRB- MECO -RRB- , told CNA that the Philippines government also plays an important role in promoting English-learning programs in the country .
395	1	6-8-7-14	SLDN spokesman Steve Ralls said his group wanted Secretary of Defense Robert Gates to condemn Pace 's comments and rejected Pentagon claims that the general was just expressing his personal views .
396	0	6-13-11-15	Back in the 1960s , John Lewis risked his life and endured savage beatings to secure fundamental rights for black Americans while right-wing Republicans like Barry Goldwater and Ronald Reagan were lining up with segregationist Democrats to oppose landmark civil rights legislation .
397	0	4-8-5-17	The war over , he finished his doctoral work at the University of Pennsylvania in 1947 , writing his dissertation on the literature of the mountains .
398	1	18-22-20-37	He offered the explanation in response to media inquiries on an earlier announcement by Premier-designate Chang Chun-hsiung that he had named former Chief of the General Staff Lee Tien-yu as the new minister of national defense , replacing Lee Jye , who will be retiring .
399	1	0-8-2-10	She recently called on Senate Majority Leader Harry Reid to repeal the policy during an interview with talk show host Ellen DeGeneres .
400	0	21-25-23-30	With Allan Zeman 's help , the government-owned park , with its resident pandas , has since set attendance records while Disneyland has suffered one blow after another , even failing to reach attendance goals .
401	0	6-10-7-1	To drive the point home , Seabiscuit read Ellen 's statement that Fox put out late Thursday , explaining that she went to the producers and told them that it was n't a good fit _ she was n't comfortable criticizing contestants , and she needed to leave .
402	0	3-7-4-22	In July , Alcatel-Lucent reported a net loss of euro1 .1 billion -LRB- US$ 1.73 billion -RRB- for the second quarter after taking a euro810 million -LRB- US$ 1.3 billion -RRB- goodwill write-down , compared with a net loss of euro586 million a year earlier .
403	0	0-2-1-7	Button took something of a gamble by leaving Brawn GP -LRB- now Mercedes -RRB- to join McLaren , where he is directly compared with Hamilton -- a talented driver who had been integrated into the team since his teenage years and won the world drivers ' champion in 2008 .
404	0	0-11-10-19	Legislators from the opposition KMT and People First Party have criticized Lee for approving the DPP 's request , saying Lee was currying favor with the DPP to secure his position as defense minister .
405	0	8-16-13-0	Speaking to the Associated Press , Obama 's spokesman , Bill Burton , downgraded the Obama plan to `` something that we pursued with the FEC and it was an option that we wanted on the table and is on the table . ''
406	0	6-9-7-1	To burnish his bipartisan credentials , Schwarzenegger invited the state 's top Democrats , including Rep. Nancy Pelosi of San Francisco , who on Thursday became the first woman speaker of the House , and Sens. Dianne Feinstein and Barbara Boxer , although none of them attended .
407	1	1-4-2-17	The Monitor quoted Joanna Nathan , a Kabul-based security analyst for the International Crisis Group , as saying , `` Ghazni is important as the gateway to Kabul , and control of that road is very important , both symbolically and practically . ''
408	0	11-15-13-22	Dita Angara-Mathay , MECO 's director of commercial affairs , said Ancku is planning further investment of another US$ 100 million to build a blast furnace in the Philippines .
409	1	0-4-2-6	Abrams has hired four people to build a database of media professionals who would help clients .
410	1	1-7-2-9	State-run RIA-Novosti cites an unidentified law enforcement official as saying three other people were still missing and six others were injured by the blast Thursday at a mine in the Murmansk region .
411	0	14-18-16-20	`` We rule out the possibility that our neighbours ... will allow the United States to use their territory in attacking Iran , '' Iranian parliament speaker Gholam Ali Hadad Adel told reporters during an official visit to Kuwait .
412	0	9-14-10-19	Ze Roberto scored three minutes into second half and Santos beat Uruguay 's Defensor Sporting 1-0 on Thursday to take sole posession of first place in Group 8 of the Copa Libertadores .
413	1	9-24-19-26	`` I 've directed the Federal Motor Carrier Safety Administration -LRB- FMCSA -RRB- to use its existing authority to prohibit commercial truck and bus drivers from texting while driving , using any handheld cellphone or other device that takes a driver 's attention off the road , '' Transportation Secretary Ray LaHood said .
414	1	21-24-22-28	Sculfor , a would-be actor known in his country for an underwater Levis jeans commerical , is sports-oriented and courtly , People quotes a friend of his as saying .
415	1	4-7-5-78	Besides Stanton , the appointees included George Baker , a Harvard Business School professor who was tapped to oversee transportation ; Harold Boeschenstein , president of Owens-Corning Fiberglas Corp. , in charge of manufacturing and production ; Aksel Nielsen , president of the Title Guaranty Co. , housing ; J. Ed Warren , senior vice president of the First National City Bank of New York , energy ; and Theodore Koop , vice president of CBS , to oversee an emergency censorship agency .
416	0	14-18-15-26	Although he was crushed in the general election that year , Arizona 's Barry Goldwater wrested the Republican Party from its Midwest and Eastern roots , starting a realignment that eventually turned the GOP into the party of Ronald Reagan , the Sunbelt and the South .
417	1	10-18-15-20	To this end , he urged the Indonesian football sport organizer -LRB- PSSI -RRB- to recruit world-class football coaches to push the national team to the top , the Jakarta Globe reported .
418	0	13-21-18-23	In February , this group of a dozen dissenters , calling itself `` Leadership of Conscience , '' waged an unsuccessful bid to unseat board chairman Julian Bond and it 's unclear whether they will accept Bond 's recommendation when the board is expected to vote on Saturday .
419	0	5-12-11-17	Another few days , and mischief-makers outside Democratic rolls would 've pushed her over the top by providing the needed signatures , because there 's simply no way she could 've won , against ANY legit GOP candidate in the general election . -RRB-
420	0	11-14-13-19	She pretends to befriend Tenly and Corrie , but in reality she was stabbing them in the back , telling Tenly you 're not the one for Jake , when Tenly poured out her feelings for Jake from her fake mousy annoying voice .
421	1	13-15-14-19	He preached fairness to the city 's Arabs but left no doubt that he wanted all of Jerusalem to remain under Israel 's sovereignty , despite Palestinians ' demand for the Arab part of the city as the capital of their would-be state .
422	1	6-9-8-11	`` Here in Scranton , racist attitudes often prevent us from seeing all of our fellow citizens and candidates for public office as God 's children , '' says the petition , circulated by Sister Margaret P. Gannon , a professor at Marywood University .
423	1	15-25-20-27	He said that he was heading up a health ministry leading group to combat the disease , which would soon hold a national tele - conference to urge stepped-up nationwide monitoring , reporting , prevention and treatment of the disease .
424	0	2-19-17-27	`` The US plans to dominate oil and gas resources in the Middle East and tries to govern the fate of regional oil-rich nations in order to take trunk card against countries like China , '' Haddad-Adel added .
425	1	0-8-7-10	CC is endorsing the Holt Bill and encouraging others to do the same .
426	1	18-24-21-26	Sea Shepherd founder Paul Watson said the Robert Hunter was hit twice by the Kaiko Maru after the conservationists tried to stop the Japanese ship from reaching a pod of whales .
427	1	5-8-6-10	In a speech Wednesday , he called on voters to back candidates who are opposed to the U.S. and `` whose loyalties are to Islam and justice . ''
428	1	16-32-30-34	But renegade activist Paul Watson , captain of the Sea Shepherd 's ship , said his boat -- the Steve Irwin -- only lightly brushed the whalers ' vessel and defended the bottle-throwing as harmless .
429	1	34-36-35-38	KUALA LUMPUR , Oct 8 -LRB- Xinhua -RRB- `` Currently , we have 3 Boeing 737 and 37 medical specialists , of whom 12 are based in Malaysia , '' Malaysian national news agency Bernama quoted Newton as saying .
430	1	16-19-17-33	`` The system can tell the safety of most food products within 30 minutes , '' it quoted Li Jie , deputy director of the Shanghai Food and Drug Supervision Institute , as saying .
431	1	8-13-12-17	she 's a spoiled little bitch and the girls just do n't want jake to be the one who has to buy her a new car every time she crashes one .
432	0	32-38-35-50	Entertainment Tonigh t reports that `` There is only one episode left before the hometown dates on `` The Bachelor : On the Wings of Love , '' which means that Jake Pavelka has to narrow down his pool of five bachelorettes to four on this week 's episode , sending home either Ali , Corrie , Gia , Tenley or Vienna .
433	0	0-3-1-6	Phoenix complains a lot about being misunderstood , gives passionate bear hugs to fellow actors Sean Penn , Bruce Willis , Jack Nicholson and Danny Glover at a play rehearsal , and makes a halfhearted attempt at attending President Barack Obama 's inauguration .
434	0	4-7-5-19	Indonesian President Susilo Bambang Yudhoyono stressed his resolve to purge the `` judicial mafia '' across the country , calling on law enforcement agencies to commit to the fight , the Jakarta Globe reported here on Wednesday .
435	0	12-18-13-23	Chavez acted then to show solidarity with Bolivia after Bolivian President Evo Morales ordered out the top U.S. diplomat in his country , accusing him of helping the opposition incite violence .
436	1	5-19-18-23	Pinellas Circuit Judge Robert J. Morris approved the deal , dismissed all charges and the fine , and praised Butterworth and Dillinger for brokering a cease-fire to the battle that has raged for months between their respective agencies .
437	1	33-39-34-41	The U.S. and South Korean authorities should understand there was a critical point in the tension and should not calculate they could evade the blame for the explosive situation , official news agency KCNA quoted a DPRK Foreign Ministry spokesman as saying .
438	1	8-11-10-13	`` They pretend to be ANP , because they can get someone to stop with a Kalashnikov and half a uniform , '' Hagerman said , using the initials of the Afghan National Police .
439	0	3-8-6-10	Sharpton has said he will not endorse any candidate until hearing more about their views on civil rights and other issues at his National Action Network convention next week in New York City .
440	0	5-13-10-19	However , the daily Ipsos poll for Le Point magazine showed a widening gap between the two front-runners , putting Sarkozy at 30 percent and Royal 23.5 percent -- with Bayrou holding steady at 18.5 percent and Le Pen dropping slightly to 13 percent .
441	0	7-19-18-23	In Washington State , the American Beverage Association , a trade group that includes Coke and Pepsi , spent $ 16.5 million to win passage of a November ballot initiative that overturned a small tax on soft drinks enacted by the legislature to help plug a budget gap .
442	0	12-21-19-0	Conducted by Lindsay M. Hayes , a national prison specialist , the study , released earlier this year , made 29 recommendations for change that were quickly adopted .
443	0	47-52-49-54	Set movie review grade Hal Horowitz/Getty Images internal videos / html on top external videos / html on top audio player gallery preview custom polls movie review grade wrapper -LRB- ca n't think of a better way to do this -RRB- movie review grade Original Bachelorette Trista Sutter is putting her reality-TV experience to use for us here at Watch With Kristin by blogging about Jillian Harris ' quest for the perfect guy .
444	0	17-20-19-22	`` Following the NSG statement which enables civil nuclear cooperation by NSG members with India , the government is taking steps to realise commercial cooperation with foreign partners , '' Sarna said .
445	0	2-5-4-7	`` No government has outdone China in battling this disease , '' he said .
446	0	13-16-15-1	`` Born , raised and educated in our home state of Ohio , Paul never lost sight of the reason he came to Congress -- to serve this great institution and his constituents with dedication and distinction , '' House Republican Leader John Boehner , also of Ohio , said in a statement .
447	0	14-18-17-20	Even with the Bucs in last place in the NFC South at 1-8 , Bryant has n't lost hope for making the postseason .
448	1	1-46-45-53	Other senators , including Charles E. Schumer , D-N.Y. , Byron L. Dorgan , , D-N.D. , Ben Nelson , D-Neb. , Bill Nelson , D-Fla. , Barbara Boxer , D-Calif. , and Edward M. Kennedy , D-Mass. , the authors add , were also nudging Obama , then a senator , to take the plunge , though most would `` root for Obama secretly , '' as they feared retribution from the Clintons should Clinton eventually prevail .
449	0	19-22-20-28	This site says that `` a woman claiming to be one of Pavelka 's ex-girlfriend 's said that 32-year-old Jake left their relationship `` on hold '' before leaving to film `` The Bachelor . ''
450	0	7-19-8-0	Scrambling to build up a coalition , Zardari met Thursday with the leader of the Awami National Party , winner of nine seats .
451	1	1-14-12-16	The company is also in talks with China 's FAW Group to form a partnership to set up a light commercial vehicle joint venture , according to Luan .
452	0	13-16-15-20	Their missiles can cover the entire width of the Gulf and `` no ship can cross it without being within range '' , said General Rahim Yahya Safavi , now an aide to supreme leader Ayatollah Ali Khamenei .
453	0	2-11-7-15	R Nicholas Burns , 51 , has led the administration 's efforts on Iran , serving as the US negotiator with the five other countries -- Russia , China , Britain , France and Germany -- that have been seeking to rein in Tehran 's nuclear ambitions .
454	1	0-3-1-6	You want motocross racing to be big , then you need ONE big organization to run it , not the AMA or FIA , etc. who all need to speak the same language - business .
455	1	3-8-5-10	Utah Gov. Jon Huntsman is using an interstate compact to block the waste from coming to his state if EnergySolutions ' application is approved .
456	0	15-19-16-25	During his schedule presentation to advertisers in New York last week , ABC 's Steve McPherson launched an impassioned defense of the pilot-based approach , calling it `` the R&D of our business . ''
457	1	20-23-22-25	Bernama quoted Joseph Wan Raja as saying not all members of the tribe were in favor of the blockade as it also prevented them from getting food and other supplies .
458	0	37-42-40-44	The statement from North Korea , carried by the country 's official Korean Central News Agency , did not mention Kim by name , but South Korean Unification Ministry spokesman Kim Ho-nyeon said the North 's state media has before used such wording to refer to him .
459	0	13-17-15-21	Col. Jefferson J. DeBlanc Sr. , 86 , a retired Marine Corps fighter pilot who received the Medal of Honor after shooting down five Japanese warplanes during a World War II mission over the Pacific , died November 22 -LSB- 2007 -RSB- of complications from pneumonia at Lafayette General Medical Center in Lafayette , Louisiana .
460	1	4-6-5-8	Taylor Swift 's touring schedule kept her from joining Monday , and Beyonce Knowles had returned already to New York with husband Jay-Z , Phillips said .
461	1	13-16-15-18	But Rep Carolyn Maloney , D-NY , the subcommittee 's chairwoman , said Congress would take action if necessary .
462	0	4-11-9-21	The IAPA 's executive director , Julio Munoz , denied the Miami - based association has unfairly singled Venezuela out , saying the group warns against perceived threats to press freedoms across the Americas regardless of political leanings .
463	0	45-50-47-52	luckily this was in Bay Area CA not around here so she did n't freeze to death before I eventually took her after a relative who knew someone else at the complex saw her repeatedly outside and learned her story from other residents there ... Britney 's got a long way to go before she outdoes the wierd actions of some of us `` non-celebrities '' , huh ?
464	0	13-17-15-20	The Department of Justice said it would n't challenge that deal , but it did file a lawsuit Monday to block JBS from buying the nation 's fourth-largest beef processor , National Beef Packing Co. of Kansas City , Missouri .
465	0	16-19-17-46	Several days after the 2010 primary , Citizens for Responsibility and Ethics in Washington alleged that O'Donnell made false statements on Federal Elections Commission filings and illegally used more than $ 20,000 of her campaign funds as `` her very own personal piggy bank '' by claiming campaign expenses during a time when she had no official campaign .
466	0	0-12-9-18	He helped build Jewish communities in east Jerusalem and razed an Arab neighborhood in the Old City to create a plaza in front of the Western Wall , the Jewish holy site .
467	0	7-10-8-12	The Tokyo Stock Exchange 's benchmark Nikkei-225 index lost 149.55 points to end at 11,743.61 .
468	1	1-23-21-29	Two lawmakers from the ruling Kuomintang -LRB- KMT -RRB- and the opposition Democratic Progressive Party -LRB- DPP -RRB- on Wednesday strongly opposed a plan by the Executive Yuan to relocate the Sports Affairs Council -LRB- SAC -RRB- and the Fisheries Agency -LRB- FA -RRB- to Taipei .
469	0	0-7-1-9	Ferrara began his first Serie A coaching job by replacing Claudio Ranieri on an interim basis for the final two games of last season .
470	1	2-9-3-11	The Daily News quoted a Southern African Development Community chart as showing that Tanzania 's current power tariff was lower than that in neighboring Kenya and Uganda .
471	0	2-6-5-10	The Red Sox want to take advantage of this , knowing that when they face Los Angeles later in the year , the Angels are going to have Bartolo Colon and Jered Weaver back .
472	0	4-8-5-13	Pinellas-Pasco Public Defender Bob Dillinger started the Diversion Program in 2004 , after noticing the increase in offenders recycling through the court system who had a mental illness , a drug addiction , or sometimes both .
473	0	2-25-23-32	Sen. Barbara Boxer , Democratic chairman of the Senate Environment and Public Works Committee , who will attend the Bali conference , has scheduled a vote on a global warming bill , requiring emission reductions of 70 percent by mid-century , for next week .
474	0	13-16-14-21	The caterwauling of TV critics was so horrible when ABC Entertainment chief Steve McPherson blew the tops off their heads by refusing to divulge scoops about `` Lost '' before the next day 's comics convention , his publicist finally cut short the news conference .
475	0	9-14-12-18	Jefferson J. DeBlanc , a World War II fighter pilot who was awarded the Medal of Honor for shooting down five Japanese planes on a single day while running out of fuel , died Nov. 22 in Lafayette , La. .
476	0	4-12-10-16	Non-Chunghwa Telecom cell phone subscribers or local telephone users can dial -LRB-02-RRB- 2726-9600 ext. 2 to make similar queries as well , Chien added .
477	1	0-2-1-4	Judge blocks DirecTV from airing ads in Time Warner markets A judge Monday blocked DirecTV Group Inc from airing advertisements in which singer-actress Jessica Simpson and actor William Shatner say its high-definition television service provides better pictures than Time Warner Cable Inc 's high - definition service .
478	1	0-24-13-26	Ministries , state-owned enterprises -LRB- SOE -RRB- and local authorities have to date sent more than 28,000 Communist Party of China -LRB- CPC -RRB- members to help with the quake relief work , the Information Office of the State Council said here on Monday .
479	0	2-8-5-11	The Massachusetts House of Representatives voted 124 to 21 Thursday to allow the nine state colleges to rename themselves universities , making it the farthest such a bill has ever advanced in the Legislature , said Representative David M. Torrisi , chairman of the Joint Committee on Higher Education , who voted for the measure .
480	0	16-27-24-33	At the session , ruling Democratic Progressive Party Legislator Kuan Pi-ling suggested that the Sports Affairs Council emulate the United States and plan to boycott the opening ceremony of the Beijing Olympics to express Taiwan 's indignation over China 's military crackdown on Tibetan protesters .
481	0	1-23-21-25	`` He 's wary of capable , independent-minded people who could one day challenge his authority , and has tried to ensure his pre-eminence by selecting subordinates who are absolutely loyal to him but opposed to one another . ''
482	1	20-32-24-41	The anti-trafficking groups and allies in Congress had tussled with Tobias as recently as March 30 , when Rep. Carolyn Maloney , D-N.Y. , wrote her Appropriations pals Reps. Nita Lowey , D-N.Y. , and Frank Wolf , R-Va. , to object to a Tobias plan to let Agency for International Development officials at embassies -- where they would be subject to pressure from trafficking local officials -- determine funding for anti-trafficking programs .
483	0	6-10-7-12	When her fundraising fell short , she mortgaged her family home to pay for daily operations .
484	0	3-9-5-20	Ferrari 's Felipe Massa has won the European Grand Prix for his fourth Formula One victory of the season , leading the race wire - to-wire to finish comfortably ahead of championship leader Lewis Hamilton in second .
485	1	12-16-15-18	Carter said Watson 's threat to ram the Japanese ship unless New Zealand and Australia stop Japan from whaling in the Southern Ocean was `` appalling . ''
486	1	12-32-26-34	The head of the IG Metall union , Berthold Huber , said employers had to come up with an offer `` worthy of discussion '' to prevent the union 's 36 million members from launching a wave of short - term strikes .
487	1	1-4-3-6	U.S. officials have accused him of aiding the rebels on his avowed drive to spread socialism and blunt U.S. `` imperialism . ''
488	0	12-18-16-20	Standing on the Jacksonville sideline on Dec. 10 , he watched as poor tackling and ennui undid the Colts , creating the gaping holes that allowed the Jaguars to rush for 375 yards in a 44-17 victory that Colts defensive end Robert Mathis described this week as one of the most embarrassing games of his career .
489	1	9-11-10-21	Unwilling to accept that conclusion , Vice President Dick Cheney sent Gonzales and another official to Ashcroft 's hospital room to get him to approve the wiretapping .
490	1	4-8-5-19	Iran 's Students News Agency quoted Ali Akbar Salehi , head of Iran 's Atomic Energy Organization , as saying on Monday that nearly 20 locations `` have been chosen and presented '' to President Mahmoud Ahmadinejad and that Iran will use `` new centrifuges '' at the two plants , which are included the 10 planned in November .
491	0	2-20-18-22	He encouraged them to implement the spirit of the 17th National Congress of the Chinese Communist Party and make new contributions to building a moderately prosperous society .
492	0	21-24-22-26	The Grammy-nominated artist aims to marry her fiance , fellow rapper Papoose , at the city 's Rikers Island jail while she awaits her sentencing for shooting a friend she suspected of stealing $ 3,000 -LRB- euro1 ,930 -RRB- , lawyer Ivan Fisher said .
493	0	4-7-5-1	Since leaving office , Kollek continued his work for the Jerusalem Foundation , an organization he helped found 40 years ago .
494	0	5-9-6-16	At the same time , Boxer unleashed her own barbs against Fiorina 's leadership style , calling it a `` land-of-the-CEO , it 's - about-me world , '' and comparing Fiorina to BP chief Tony Hayward , who has been the target of criticism after the April 20 explosion on an offshore oil rig led to the largest oil spill in U.S. history .
495	1	4-17-16-19	For example , the fact that they can ban people who take part in unsanctioned competitions discourages skaters from taking part in -LRB- and hence lending credibility to -RRB- any other supposed `` world championships '' which might be put on by private promoters or by a breakaway federation or skater 's union , and which might conceivably rival or displace the ISU 's own World Championships if such a check were not in place .
496	1	0-2-1-9	This provoked McCain , a presidential candidate , to remark , that what he , McCain sees when looking into the eyes of Putin , is ` three letter : KGB , '
497	0	7-10-8-24	That began to change last August after Monster signed a deal with the new owners of The Philadelphia Inquirer and Philadelphia Daily News to run the online job search sites of those newspapers and share revenues .
498	0	17-13-14-0	Speaking at the ceremony at St Stephan 's Cathedral , Austrian President Heinz Fischer praised Waldheim 's contribution to the development of Austria and the human beings , saying that as an Austrian diplomat , former foreign minister and president , he served his best for the country .
499	0	26-32-29-34	Troops in Jolo have recently had to deal with another threat from renegade members of the Moro National Liberation Front -LRB- MNLF -RRB- after an MNLF commander Habier Malik shelled a Marine camp , killing two Marines and a civilian .
500	0	5-11-9-13	Let 's hear it for DirecTV , which essentially saved the series by taking on some of the costs , making it possible for NBC to renew it for midseason .
501	1	21-25-22-31	He declined to comment on Goodling 's assertion of her Fifth Amendment right , and declined to say on what date he approved the final list of U.S. attorneys to be dismissed .
502	0	11-29-25-34	Earlier this month , CNAC helped scuttle a bid by Singapore Airlines and its parent , the government investment agency Temasek Holdings Ltd. , to buy a 24 percent stake in China Eastern by promising shareholders a higher price .
503	0	1-5-3-7	The government will do its utmost to communicate with Beijing to avert a possible blow to the warming cross-Taiwan Strait relations that might be caused by the present visit to Taiwan by the Dalai Lama , Mainland Affairs Council -LRB- MAC -RRB- Deputy Chairman Liu Te-shun said Monday .
504	0	9-16-12-20	Venezuela will host crucial polls in September in which Chavez hopes to secure at least two thirds of seats to maintain his current legislative majority .
505	0	2-14-10-16	Her new husband , the Philly Eagles boy Hank , gave her a wedding ring to compliment her engagement ring and her `` expecting a baby '' ring -LRB- apparently that 's ` the ' thing now -RRB- .
506	1	11-14-13-18	With many other forces in play , how much Bellecourt 's campaign has influenced colleges and universities to abandon Indian mascots is hard to gauge .
507	1	4-9-6-11	The new law requires Roh to appoint an independent counsel to take up to 125 days to investigate the scandal at Samsung , which includes global technology giant Samsung Electronics Co .
508	0	0-7-6-11	Minister of National Defense Lee Jye expressed regret Friday after being expelled from the main opposition Kuomintang -LRB- KMT -RRB- , but turned down an offer from a Democratic Progressive Party -LRB- DPP -RRB- lawmaker to join the ruling DPP .
509	0	17-19-18-22	`` We will continue with our plan , complying with the regulations of international organizations , '' he told reporters Wednesday , speaking through an interpreter .
510	0	0-3-2-12	He also gained notoriety during the Wedtech scandal in the 1980s , initiating the congressional investigation that eventually ensnared his nephews , state Sens. Clarence Mitchell III and Michael Mitchell .
511	0	7-20-17-1	Easily re-elected for five more terms , Derounian , a Goldwater Republican from a Rockefeller state , suffered a narrow defeat when the Republicans lost Nassau County in the landslide victory of Lyndon B. Johnson over Barry Goldwater in the 1964 presidential election .
512	0	18-20-19-23	`` We 've got a government which is reneging , dissembling , backing off , failing , '' Brown told ABC Wednesday , saying Rudd should fight an election on the issue of climate change .
513	0	10-16-14-25	The secretary said he was happy that the National Sports Commission -LRB- NSC -RRB- approved the inclusion of the sparring partners on the list , noting that the boxers did well during the Olympic qualifiers in Namibia in March .
514	0	17-47-46-50	Giving a briefing at a weekly Executive Yuan meeting , SAC Minister Tai Hsia-ling said various government agencies , including the SAC , the Ministry of Education , the Ministry of National Defense , the Ministry of the Interior and the Coast Guard Administration , have appropriated budgets to jointly finance the program .
515	1	6-12-11-14	S : Do you think that Spencer should have attempted to stop her from getting the plastic surgery ?
516	1	1-16-12-18	Christopher Bentley , spokesman for the U.S. Citizenship and Immigration Services , defended the rigorous background checks as vital to national security .
517	1	2-13-9-16	One influential group , Servicemembers Legal Defense Network , warned gay and lesbian soldiers not to take the survey at all because the Pentagon would not guarantee that their answers would not be used against them or as additional evidence in discharge proceedings under `` do n't ask , do n't tell . ''
518	0	10-18-16-24	I love that Ellen pressed McCain on this issue that she feels so strongly towards and used the power of her TV show to illustrate the difference in her position on same-sex marriage and the position of a likely presidential nominee .
519	0	4-8-5-15	The Servicemembers Legal Defense Network appealed O'Toole 's ruling on behalf of the veterans , arguing that at a time when the military is having recruiting difficulties , it is discharging distinguished service members because they are gay .
520	1	10-23-22-26	Despite the Pentagon 's guidance , the Servicemembers Legal Defense Network , a group representing service members affected by the ban , cautioned gays not to apply for military service while the policy remains in legal limbo .
521	1	3-11-9-15	A Washington Post obituary for Rep Juanita Millender-McDonald incorrectly credited the congresswoman with being the first African American to chair the House Administration Committee .
522	0	6-18-16-20	Retired Supreme Court Justice Sandra Day O'Connor , a longtime critic of judicial elections , has taken the lead in denouncing what she has called the `` arms race '' in campaign fundraising , and at a recent conference she presided over at Georgetown University Law Center , two of her like-minded former colleagues -- Justices Stephen Breyer and David Souter -- were in the audience .
523	0	14-19-17-30	Salehi , Iran 's nuclear chief , told Iranian state television Saturday that the government had `` pre-empted a conspiracy '' against Tehran by the U.S. and its allies by reporting the site voluntarily to the IAEA .
524	0	0-4-1-14	Alonso won his two titles in 2005 and 2006 with the French team before moving to McLaren with whom he finished third in this year 's title race behind Kimi Raikkonen and teammate Lewis Hamilton .
525	0	1-7-2-14	The military dispatched at least 10 attack helicopters and four OV-10 Bronco bombers to soften the MNLF defenses and pave way for the capture of the rebel camp in Panamao town in Sulu , the report said .
526	0	33-45-41-48	`` The Americans have committed crimes due to the physical and spiritual pressures they have inflicted on the Iranian diplomats and due to the long and lonely imprisonment of them , the Foreign Policy and National Security Commission of Majlis will sue -LRB- the U. S. -RRB- by taking the complaint to the United Nations , '' said Larijani .
527	0	6-35-34-40	He highlights the story of Irene Morgan , who refused to give up her seat on a Virginia bus in 1944 -- more than a decade before Rosa Parks ' famous refusal -- and took things a step further by kicking a sheriff 's deputy in , as she said , `` a very bad place . ''
528	1	13-16-14-20	But who will Jake 's parents , Sallie and Jim Pavelka like when Jakey brings both Tenley and Vienna to meet his parents .
529	0	20-24-23-28	New Yorker Jeremy Hooper , author of the vital gay news blog Good As You , today takes on a man who has sent him violent threats after viewing Jeremy 's recent appearance on the PBS gay newsmagazine , In The Life .
530	0	6-9-7-14	Along with Washburn and others , he performed some tests on Mount McKinley , becoming part of the third successful ascent of the Alaskan peak .
531	1	0-4-3-7	She 's also accused him of only marrying her for her money and has said that , were it not for her assets , he would have stayed with Tanya and married her instead .
532	0	29-40-32-45	`` When I think back over 10 years , I can genuinely say I 've had the best time I 've ever had in my life , '' said Cowell , who left his `` American Idol '' judge 's seat earlier this year to launch an American version of his hit British singing competition `` The X Factor '' next year on Murdoch 's Fox Network .
533	1	6-10-8-13	However , he added , `` she clearly wants the children to be involved in both parents ' lives . ''
534	0	8-16-10-1	Before becoming prime minister in February 2005 , Yoadimnadji had held a number of senior official positions , including minister of agriculture , president of the electorial commision and president of the constitutional council .
535	1	22-26-24-28	In a video circulated Tuesday by conservative commentator Glen Beck 's website The Blaze , Indiana Rep. Andre Carson said the Tea Party was preventing African Americans from making progress toward equality .
536	0	1-4-2-6	The Democrat served eight terms before stepping down in 1986 to be the running mate to former attorney general Stephen Sach in his unsuccessful bid for governor .
537	0	1-8-6-13	US actress and activist Mia Farrow touched down Thursday in Hong Kong , promising not to disturb the Olympic torch relay as she campaigns over Darfur and China 's links to the Sudan government.Amid fears here over freedom of speech ahead of Friday 's leg of the relay -- which has been dogged by protests on its worldwide journey -- Farrow said she had been questioned briefly by officials on her arrival .
538	0	1-26-25-28	Susan Chang , who is the head of the Taipei-based Bankers Association of the Republic of China and chairwoman of Taiwan Financial Holding Co. , told reporters before attending the event that the association will `` provide all the necessary help '' to the Chinese lender 's office .
539	1	3-31-27-37	In fact , aides to Boxer , the liberal California Democrat who is a top Republican target as she seeks a fourth Senate term , had been calling Obama 's political advisers since early last year to get the president 's commitment to come out west for at least two fundraisers , in Northern and Southern California , like Bill Clinton did when he was president .
540	1	0-2-1-11	Hubbard accompanied Paulson on some of his trips to China to lend White House support to efforts to get China to reform its economy and narrow the huge trade imbalance between the two nations .
541	0	3-28-27-32	French actress Juliette Binoche back in Iran French actress Juliette Binoche , who is working on a new film with celebrated Iranian director Abbas Kiarostami , is visiting Iran in order to deepen her knowledge of the country , the ISNA agency reported Wednesday .
542	0	17-23-22-25	In a recent survey conducted by Zagat and liquor giant Diageo , 58 percent of Americans said they would be willing to pay more to have a cocktail made with premium , `` top-shelf '' brands , even during an economic downturn .
543	0	6-9-7-11	Last week , the South African cabinet approved two bills to disband the Scorpions .
544	1	23-28-26-30	Nurses at Providence Hospital in Southfield , the Detroit Medical Center hospitals , Henry Ford Hospital have been trained to teach all new mothers how to put their children to sleep safely .
545	0	30-34-31-5	Yet last Sunday , when asked by David Gregory on `` Meet the Press '' if he was troubled by current threats of `` violence against the government , '' Coburn blamed not the nuts but the government .
546	0	2-8-3-14	Host Jimmy Fallon opened the 62nd Primetime Emmy Awards on a musical note , performing a song-and-dance number with the cast of `` Glee '' and a wildly mismatched group of celebrities including Betty White , Jon Hamm , Kate Gosselin and Randy Jackson .
547	1	2-8-4-16	Tightened visa checks have prevented or deterred foreign groups like the Committee to Protect Journalists from coming to Beijing , although actor Mia Farrow 's Dream for Darfur said its visa application was pending .
548	0	13-20-17-24	Nuclear suppliers meet again in Vienna for US-India nuclear deal The Nuclear Supplier Group -LRB- NSG -RRB- opened a two-day meeting here Thursday to discuss a US draft for a waiver breaking a nuclear trade embargo imposed on India .
549	1	3-7-5-9	Watson said Sea Shepherd had prevented the whalers from operating for about five-and-a-half weeks , or almost half of the whaling season .
550	0	6-9-7-29	At Foxborough , Massachusetts , Tom Brady threw four touchdown passes , three to Randy Moss , and the young defense put together its third straight solid game , clinching the American Football Conference East and further dimming the Jaguars ' slim postseason chances .
551	1	13-18-16-20	`` TMZ is an AP customer and a good customer , but that report did not meet our standards for putting something on the AP wire , '' said Lou Ferrara , the organization 's vice president and managing editor for entertainment news , on Friday .
552	0	38-40-39-49	Her latest film , `` Paris , '' is filmmaker Cedric Klapisch 's love poem to the City of Light , in which she plays the sister of a man -LRB- Romain Duris -RRB- whose sudden , serious illness shakes her out of the rut she 's in , helping her to rediscover her own joy in living .
553	1	14-22-16-27	A top official at Mexico 's Economy Ministry told media on Wednesday that the nation may bar domestic auto dealer Grupo Salinas Motors -LRB- GSM -RRB- from importing cars made by China 's First Auto Works -LRB- FAW -RRB- .
554	1	18-22-19-33	That 's why this bill is so important , '' said Sen. Barbara Boxer of California , as she joined Sens. John Kerry of Massachusetts and Hillary Rodham Clinton of New York in announcing the bill .
555	0	9-15-11-23	When quantitative hedge funds tumbled in summer 2007 , Griffin reportedly called up Clifford S. Asness , managing principal of AQR Capital , looking for a deal .
556	1	21-25-23-40	As of this week , Rudin said , one remaining question was to what extent the finished film would include a scene that depicted Sean Parker , the Napster co-founder who was heavily involved with Facebook 's early history , delivering his dialogue while a pair of teenage girls offer partygoers lines of cocaine from bared breasts .
557	0	20-24-22-28	-LCB- EXCERPT -RCB- Washington Post , United States Jefferson J. deblanc Sr. , 86 , a retired Marine Corps fighter pilot who received the Medal of Honor after shooting down five Japanese warplanes during a. .
558	1	39-41-40-43	`` The dependency is less compared with 10-15 years ago where the U.S. was the most important export market for Malaysia with almost 30 percent of Malaysia 's exports going to the U.S. , '' the national news agency Bernama quoted Stedtfeld as saying .
559	0	10-15-12-25	The Bucs needed to force all six turnovers including four fumbles that set up a touchdown and three field goals in the first half to improve to 7-4 overall and maintain a two-game lead in the NFC South over New Orleans heading into Sunday 's critical showdown with the Saints at the Superdome .
560	1	4-9-8-11	Levant said Houle 's advice to Coulter had emboldened students to block her appearance .
561	0	16-23-22-25	In an interview with The New York Times in 1993 , she said that a few Southerners at the law school had taken pleasure in letting the swinging classroom doors hit her in the face .
562	1	10-15-14-17	Her message struck a chord with the audience , several members of which later approached her about putting it in writing .
563	1	3-5-4-7	In Jamaica , officials alerted shelters to prepare for possible evacuations Wednesday , and Carnival Cruise Lines diverted one of its ships from Montego Bay , Jamaica , to a Mexican port , company spokesman Vance Gulliksen said .
564	1	13-22-15-0	Sponsored by Rep. Carolyn Maloney , a Democrat from New York , the legislation would create a 3.5 billion federal health benefits program for 9/11 emergency and cleanup workers , covering treatments and medical monitoring .
565	0	2-16-13-18	Sheldon says Asher came across `` like a really bright guy '' and demonstrated his search capabilities by pulling up reams of personal data on one member of the DCF group .
566	0	2-12-9-14	Happily , Favreau and screenwriter Justin Theroux manage to juggle all these personalities while keeping Iron Man the central attraction -- somehow avoiding the dreaded `` Spider-Man 3 '' curse of too many uninteresting distractions .
567	0	0-12-9-18	Davis , the McCain campaign manager , last week defended his long association with the Homeownership Alliance , saying he served as `` the public face of an organization that promoted homeownership . ''
568	0	1-5-3-10	A customer might submit an order to Madoff Securities to buy shares in I.B.M. at a certain price , for example , and Madoff Securities instantly would buy I.B.M. shares for its own portfolio ahead of the customer order .
569	0	7-11-8-13	`` She is recovering well , '' Clifford told The Associated Press after speaking by telephone to Boyle 's two brothers .
570	0	6-10-8-13	He read from it : `` We then photographed the individual prior to handing him over to ensure that if the Afghan National Police did assault him , as had happened in the past , that we would have a visual record of his condition . ''
571	0	14-17-15-1	After casting ballot in a box stationed in Imam Khomeini Husseiniyeh center , Ayatollah Khamenei made some statements in which he highlighted the significance of Friday ballot for the next four years of the Iranian affairs and likened the elections period to Laylat-l Qadr , a certain annual night time period when according to the Islamic teachings the fate of human being is determined by God .
572	0	1-8-7-9	The airline , he said , was having trouble getting enough planes and crews to JFK to handle to handle the flights , in part because of federal regulations limiting pilot work hours .
573	1	42-45-44-52	The window of opportunity is closing for the Republic of China to purchase a squadron of 12 P-3C anti-submarine aircraft from the United States , Minister of National Defense Lee Jye said at the Legislative Yuan May 24 , adding that the U.S. has given Taiwan till the end of May to buy the planes , otherwise they will be sold elsewhere .
574	1	3-5-4-7	In Jamaica , officials alerted shelters to prepare for possible evacuations with the storm forecast to pass near the island Wednesday , and Carnival Cruise Lines diverted one of its ships from Montego Bay , Jamaica , to a Mexican port , company spokesman Vance Gulliksen said .
575	1	9-14-13-18	Carries as baggage : Bush administration officials who followed Garvey at the FAA criticized her as being too generous in negotiations with the air traffic controllers ' union .
576	0	1-4-2-9	* Samsung Adds Second 5MP Camera Phone * After waiting a relative age to bust out its first five megapixel camera phone , Samsung is well and truly over its coyness .
577	1	3-5-4-7	The state 's Constitution prohibited him from succeeding himself after one four - year term .
578	1	19-21-20-23	`` I ca n't believe that I 'm celebrating the new year with you in Israel , '' Maariv newspaper quoted her as telling Peres on Saturday .
579	0	12-18-16-20	MANILA , Philippines 2007-04-02 07:49:38 UTC As Asia develops , the Manila-based bank also needs to shift its focus from fighting poverty to supporting higher and more inclusive growth , according to a report prepared by the experts for ADB President Haruhiko Kuroda .
580	1	6-10-9-12	`` You know the scene where she ca n't get anyone to wait on her to get the clothes for the hoity-toity event , and she goes to Hector Elizondo 's office and he picks up the phone to call the place ?
581	0	29-31-30-33	Recent tensions with India and reported new military strategy coming from New Delhi `` have triggered a hot response from Pakistan , '' defence and security analyst Brigadier Mahmood Shah told AFP after witnessing the exercises .
582	1	16-19-17-23	Ramon Inzunza , owner of the tour bus company Calibaja Tours , said he was helping Carnival find 90 buses with permission to cross the border and was asking the Mexican government to urge U.S. authorities to allow the bus drivers to cross .
583	0	3-30-27-39	`` The Social Network , '' which stars Jesse Eisenberg as Zuckerberg and pop star Justin Timberlake as Napster founder Sean Parker , Zuckerberg 's mentor , topped the box office on its opening weekend in North America , raking in nearly 23 million dollars .
584	0	2-12-8-19	If one state , just one , would take on the federal government , along with the AMA to remove the `` schedule 1 '' title from Marijuana everyone would benefit .
585	1	0-7-4-9	Brown also wants to prevent the Volker rule from applying to large financial institutions that use banks for limited purposes , such as MassMutual and its insurance business or Fidelity and its investment funds .
586	1	11-13-12-18	None of these individuals would be quoted by name , though each described Buse as being rather `` open '' to those around him and to his family -- in a `` glass closet '' rather than deeply undercover or trying to appear heterosexual .
587	1	3-11-9-15	A Washington Post obituary for Rep. Juanita Millender-McDonald incorrectly credited the congresswoman with being the first African American to chair the House Administration Committee .
588	1	54-57-56-64	TAIWAN MAY FAIL TO BUY KEY WEAPONS FROM US DUE TO PROCRASTINATION The window of opportunity is closing for the Republic of China to purchase a squadron of 12 P-3C anti-submarine aircraft from the United States , Minister of National Defense Lee Jye said at the Legislative Yuan May 24 , adding that the US has given Taiwan till the end of May to buy the planes , otherwise they will be sold elsewhere .
589	1	0-10-9-13	McCain might consider Buse a family friend and not fire him for being gay , but what about the young gay person working at a DQ with an anti-gay boss -- he has no protections from getting axed if that boss learns of his employee 's orientation .
590	1	6-10-7-12	At a church board meeting , he pushed his elder Congregationalists to allow blacks to be seated if they came in to worship .
591	0	15-25-23-31	An aide to Strom Thurmond and then to Richard Nixon , Mr. Dent was the architect of the `` Southern strategy '' that exploited white backlash against the civil-rights movement to turn the South into a Republican stronghold .
592	1	1-4-2-15	The paper cited Nicholas Burns , the US undersecretary of state for policy , as saying that if Iran did not agree to suspend the activities by the time of next month 's Group of Eight industrial nations ' meeting , the United States would press for a third round of sanctions .
593	1	5-9-8-15	`` We assume that market participants are now viewing Ireland as just being just the tip of the iceberg in terms of European debt problems , '' said MF Global analyst Edward Meir in New York .
594	0	3-7-5-11	MQM 's Saifuddin Khalid easily won a by-election on Sunday to replace Haider in an election that ANP boycotted .
595	0	24-28-26-30	She said Raul Castro , 76 , `` is helping us a lot ... not only because I 'm his daughter , but because I 've earned his respect by working at my job carefully . ''
596	0	3-6-4-11	He added that Yoadimnadji received medical attention in Chad before being evacuated on an ambulance plane .
597	1	2-19-18-23	But Julian Bond , the chairman of the National Association for the Advancement of Colored People , has described him as `` tremendously appealing . ''
598	1	2-7-3-12	A military official phoned a South Korean counterpart at 8 a.m. to urge Seoul to cancel the drills , the North 's news agency KCNA reported .
599	0	16-19-18-41	Since the beleaguered bond insurance industry was thrust to the foreground of the credit crisis , MBIA has sold $ 1.6 billion -LRB- euro1 .08 billion -RRB- of stock and $ 1 billion -LRB- euro0 .67 billion -RRB- in bonds , fortifying a $ 17 billion -LRB- euro11 .47 billion -RRB- cushion the company has available to pay claims .
600	1	34-46-44-48	Scores of politicians , business executives and economic development officials ranging from Georgia Gov. Sonny Perdue to Metro Atlanta Chamber of Commerce President Sam Williams had lobbied on Delta 's behalf , arguing that access to China would boost exporters in the Southeast and draw Chinese businesses to open facilities in the region .
601	0	9-11-10-21	In 1963 , when she was 7 , her father mentioned her and her siblings at the March on Washington , saying : `` I have a dream that my four little children will one day live in a nation where they will not be judged by the color of their skin but by the content of their character . ''
602	0	4-8-6-15	The benchmark Nikkei 225 stock index slipped 12.99 points , or 0.07 percent , to finish at 17,656.84 points on the Tokyo Stock Exchange .
603	1	17-19-18-21	In cooperation with the U.S. Department of Agriculture -LRB- USDA -RRB- , on Oct. 9 , ConAgra Foods directed retailers to remove the poultry pot pies from shelves , suspended pot pie production in its Marshall , Mo. , plant and advised consumers to not eat these products and discard these products while an investigation was conducted .
604	1	0-4-2-6	It 's taken two judges to try to replace the multifaceted Paula _ Ellen DeGeneres doing Den Mother Paula while Kara DioGuardi is focusing on the flirting-with-Simon bits _ and even that 's not doing the trick .
605	0	5-9-6-19	In the past , the organization petitioned the High Court of Justice against JNF and the Civil Administration , demanding public mention of the fact that in Park Canada near Latrun most of which lies within the West Bank  the ruins of the villages of Yalu and Emmaus , destroyed in 1967 after the Six-Day War , can be found .
606	0	0-14-11-16	Organizations such as Servicemembers Legal Defense Network and Servicemembers United have taken the any-port-in-the-storm approach to get DADT repealed during the lame-duck session .
607	1	4-8-5-19	The RIA Novosti news agency cited an unidentified representative for Atompstroyexport , the Russian contractor for Bushehr , as saying the fluctuation at the site was due to normal rotation .
608	1	3-8-5-12	`` The only thing that kept the entire thing from being excruciatingly boring was -LRB- apparent frontrunner -RRB- Michael Johns being voted off and the shiver it seemed to send through everyone , '' observed regular `` Idol '' viewer Mike Anderson of Yakima , Washington .
609	0	9-13-11-18	A China goal looked inevitable and it was Li Jie who broke the deadlock on 57 minutes , heading a floated free-kick from deep for her second goal of the tournament .
610	1	44-49-48-51	Alright , well with all this said i did see alot of sparks between Ali and Jake he liked her alot and i honestly think he did let his soulmate walk right out he should have chose her right there and then , and i really do n't blame ali for hateing Vienna she 's the two faced one and really needs to stop acting like a spoild brat just because her `` daddy '' spoils her !
611	1	31-34-32-36	What we want to do is to leave to local doctors the techniques , stressed Jessica Chen , the NCF deputy director , adding that during operations done in Laos , they invited local doctors to observe closely .
612	0	0-4-1-17	Doherty formed his latest band , Babyshambles , in 2005 , and shot to tabloid notoriety after starting a relationship with supermodel Kate Moss .
613	0	4-9-7-11	`` We believe that we can best serve our clients by offering a single multistrategy hedge fund platform , '' wrote John Havens , who was a founder of Old Lane with Pandit and is president of the alternative investment group .
614	1	29-32-30-34	Indonesia will register an exact number of all islands with the United Nation by 2012 for the international recognition , complete with names for each island , the Jakarta Globe quoted a minister as saying on Thursday .
615	1	18-29-27-31	As baseball is not only the national sport but also a core sporting industry in Taiwan , the collapse of the country 's professional baseball league could cause 30,000 people to lose their jobs , Sports Affairs Council -LRB- SAC -RRB- Minister Tai Hsia-ling said Wednesday .
616	1	0-4-3-6	Spencer will then talk her into doing soft core -LRB- at first -RRB- movies with him .
617	0	5-9-6-0	Taking the microphone , the rapper protested Swift 's selection and announced that Beyonce , also nominated , should have won because her `` Single Ladies -LRB- Put a Ring on it -RRB- '' was `` one of the best videos of all time . ''
618	0	2-14-6-23	Premier-designate Chang Chun-hsiung is expected to name former Chief of the General Staff Lee Tien-yu as the new minister of national defense , replacing Lee Jye , who will be retiring , political sources said Friday .
619	0	25-28-27-35	`` If this is true , I hope that Australians will be as upset about this as we are , the fact that the Australian government is providing information on Australian citizens to Japan to protect illegal whaling , '' said Captain Paul Watson .
