260	0	4-7-6-16	Argentina on Thursday announced it had regained control of the national flagship carrier Aerolineas Argentinas after signing a deal with the principal shareholder , the Spanish group Marsans .
297	0	8-13-9-17	Assistant U.S. Attorney Michael Ferrara told jurors that Wilcox used Kaplan 's computer system in 2007 to send e-mails to students and employees and posted communications on its online message boards threatening to `` take down '' the university 's computers and reveal personal information because he was angry about his termination at Kaplan in 2006 .
362	0	19-29-27-31	We just came home from a cruise on Carnival and when we were in Roatan -LRB- Honduras -RRB- the captain on a Costa Ship -LRB- Atlantica -RRB- took 2 hours to moor up at the pier ... which made us have to wait to moor up too -LRB- takes about 15 mins normally -RRB- .
415	1	4-7-5-78	Besides Stanton , the appointees included George Baker , a Harvard Business School professor who was tapped to oversee transportation ; Harold Boeschenstein , president of Owens-Corning Fiberglas Corp. , in charge of manufacturing and production ; Aksel Nielsen , president of the Title Guaranty Co. , housing ; J. Ed Warren , senior vice president of the First National City Bank of New York , energy ; and Theodore Koop , vice president of CBS , to oversee an emergency censorship agency .
333	0	17-13-14-0	Speaking at the ceremony at St Stephan 's Cathedral , Austrian President Heinz Fischer praised Waldheim 's contribution to the development of Austria and the human beings .
493	0	4-7-5-1	Since leaving office , Kollek continued his work for the Jerusalem Foundation , an organization he helped found 40 years ago .
418	0	13-21-18-23	In February , this group of a dozen dissenters , calling itself `` Leadership of Conscience , '' waged an unsuccessful bid to unseat board chairman Julian Bond and it 's unclear whether they will accept Bond 's recommendation when the board is expected to vote on Saturday .
553	1	14-22-16-27	A top official at Mexico 's Economy Ministry told media on Wednesday that the nation may bar domestic auto dealer Grupo Salinas Motors -LRB- GSM -RRB- from importing cars made by China 's First Auto Works -LRB- FAW -RRB- .
574	1	3-5-4-7	In Jamaica , officials alerted shelters to prepare for possible evacuations with the storm forecast to pass near the island Wednesday , and Carnival Cruise Lines diverted one of its ships from Montego Bay , Jamaica , to a Mexican port , company spokesman Vance Gulliksen said .
282	0	4-9-6-15	Emerson is a private detective who knows Ned 's secret and capitalizes on it by convincing him to work with him on solving murders and collecting the reward money .
412	0	9-14-10-19	Ze Roberto scored three minutes into second half and Santos beat Uruguay 's Defensor Sporting 1-0 on Thursday to take sole posession of first place in Group 8 of the Copa Libertadores .
359	1	69-73-71-76	Similar redemption with an ethnic tinge as Paul Kim strikes a blow for every Asian actor killed by Chuck Norris , Sylvester Stallone , and Mickey Rooney combined by proving that all your stereotypes about asian men are wrong , wrong , wrong ... except for the one where he 's a really good looking asian poolboy ... which causes Simon to quietly press the special button on his PDA that sends an intern out to procure a discrete apartment in the Valley and a bank account under the name `` Ping . ''
1128	0	59-80-67-0	Ridden by a lightweight jockey named Francis , Charles the Twelfth disputed the lead with the five-year-old St Bennett before pulling clear in the closing stages to win easily .
302	0	0-21-17-25	Melancon , the rookie whose fastball to Hill 's back incited Carlson 's purpose pitch , also angered the Boston Red Sox last month by hitting Dustin Pedroia .
540	1	0-2-1-11	Hubbard accompanied Paulson on some of his trips to China to lend White House support to efforts to get China to reform its economy and narrow the huge trade imbalance between the two nations .
338	1	23-29-24-31	Russia may seek the extradition of Viktor Bout , an internationally wanted arms dealer arrested in Bangkok on Thursday , RIA Novosti news agency quoted a Russian law enforcement official as saying .
517	1	2-13-9-16	One influential group , Servicemembers Legal Defense Network , warned gay and lesbian soldiers not to take the survey at all because the Pentagon would not guarantee that their answers would not be used against them or as additional evidence in discharge proceedings under `` do n't ask , do n't tell . ''
221	0	31-35-32-37	`` Despite intense pain and unchecked loss of blood , '' his Medal of Honor citation reads , `` he pinned down the enemy with accurate rifle fire while a friendly squad captured the enemy gun by skirting the minefield and rushing in from the flank . ''
243	1	3-13-8-17	The Mexican Football Federation -LRB- FMF -RRB- had called a meeting of club owners for Monday to choose between Vucetich and Toluca coach De La Torre as permanent successor to Javier Aguirre .
557	0	20-24-22-28	-LCB- EXCERPT -RCB- Washington Post , United States Jefferson J. deblanc Sr. , 86 , a retired Marine Corps fighter pilot who received the Medal of Honor after shooting down five Japanese warplanes during a. .
568	0	1-5-3-10	A customer might submit an order to Madoff Securities to buy shares in I.B.M. at a certain price , for example , and Madoff Securities instantly would buy I.B.M. shares for its own portfolio ahead of the customer order .
373	1	39-42-40-57	I had been talking to both my mother and my sister about the situation prior to calling cps , and they were well aware of what was going on , the day the children were removed from the schools I called my mother and my sister -LRB- who had rooms already set up for them -RRB- to go get them from the state NOW .
390	0	6-9-8-1	After winning its 2007 appeal , Fyffes initially pressed Flavin for its original euro85 million demand back in the High Court , but backed off after receiving advice that DCC would be certain to appeal any such award to the Supreme Court .
561	0	16-23-22-25	In an interview with The New York Times in 1993 , she said that a few Southerners at the law school had taken pleasure in letting the swinging classroom doors hit her in the face .
613	0	4-9-7-11	`` We believe that we can best serve our clients by offering a single multistrategy hedge fund platform , '' wrote John Havens , who was a founder of Old Lane with Pandit and is president of the alternative investment group .
311	1	26-33-30-35	Its also worth pointing out that I have had to decline going to see Thunder , Scorpions , Queensryche and one or two others just so I can afford to take my twin sons to see AC/DC and now , well its hassle at best !
484	0	3-9-5-20	Ferrari 's Felipe Massa has won the European Grand Prix for his fourth Formula One victory of the season , leading the race wire - to-wire to finish comfortably ahead of championship leader Lewis Hamilton in second .
365	0	2-5-3-20	Carnival 's stock gained $ 1.68 , or 3.9 percent , to $ 44.93 cents in Tuesday morning trading after reacing a 52-week high of $ 45.26 .
345	1	24-37-28-40	The Justice Department took steps on Tuesday to shut down a big piece of the Jackson Hewitt tax-preparation empire , charging that more than 165 of its stores enabled tens of thousands of middle - and lower-income people to fraudulently obtain $ 70 million by falsifying their federal tax returns .
274	0	10-15-12-24	JAKARTA -- Indonesian Energy and Mineral Resources Ministry announced that it would spend 800 billion rupiah -LRB- about 84 million U.S. dollars -RRB- to build solar power plants with a total capacity of 2,234 kilowatts-peak to expand access to electricity in rural areas next year , the Jakarta Globe reported here on Monday .
419	0	5-12-11-17	Another few days , and mischief-makers outside Democratic rolls would 've pushed her over the top by providing the needed signatures , because there 's simply no way she could 've won , against ANY legit GOP candidate in the general election . -RRB-
250	0	23-27-25-31	However , differences between Larijani and Ahmadinejad were revealed earlier this year when Larijani became upset after the president contradicted him on whether Iran would attend a meeting in Egypt to discuss Iraq .
296	0	1-4-2-6	The Nikkei rose 377.91 points to close at 13,688.28 points on the Tokyo Stock Exchange .
285	0	1-12-9-28	The Call of Duty Endowment , or CODE , made its first grant , of $ 375,000 , in November to the Washington-based Paralyzed Veterans of America to set up a vocational center in Boston .
234	0	3-13-5-17	The same MNLF group briefly held hostage in February several defense and military officials from Manila to press for the inclusion of MNLF founding chairman Nur Misuari in a tripartite meeting of MNLF , the government and the Organization of Islamic Conference -LRB- OIC -RRB- to review a 1996 peace accord between MNLF and the government .
447	0	14-18-17-20	Even with the Bucs in last place in the NFC South at 1-8 , Bryant has n't lost hope for making the postseason .
244	0	22-30-28-32	`` The prepaid assessments represent money that the FDIC expects to receive from banks anyway over the next several years , but having the cash on hand sooner provides more flexibility for dealing with any contingencies over the foreseeable future , '' James Chessen , chief economist of the American Bankers Association , said in a statement .
449	0	19-22-20-28	This site says that `` a woman claiming to be one of Pavelka 's ex-girlfriend 's said that 32-year-old Jake left their relationship `` on hold '' before leaving to film `` The Bachelor . ''
318	0	13-17-15-1	If convicted , said Robert M. Morgenthau , the Manhattan district attorney , Chambers could spend the rest of his life in prison .
320	0	7-10-8-14	Toward the end of his term , ElBaradei changed his tone about Iran , creating the impression that he had had awakened from his illusion that Iran could be convinced to compromise .
397	0	4-8-5-17	The war over , he finished his doctoral work at the University of Pennsylvania in 1947 , writing his dissertation on the literature of the mountains .
604	1	0-4-2-6	It 's taken two judges to try to replace the multifaceted Paula _ Ellen DeGeneres doing Den Mother Paula while Kara DioGuardi is focusing on the flirting-with-Simon bits _ and even that 's not doing the trick .
564	1	13-22-15-0	Sponsored by Rep. Carolyn Maloney , a Democrat from New York , the legislation would create a 3.5 billion federal health benefits program for 9/11 emergency and cleanup workers , covering treatments and medical monitoring .
395	1	6-8-7-14	SLDN spokesman Steve Ralls said his group wanted Secretary of Defense Robert Gates to condemn Pace 's comments and rejected Pentagon claims that the general was just expressing his personal views .
393	0	5-14-11-16	Political analysts and economists said those in Russia could have hardly expected a different outcome after watching former KGB agent Putin address the nation earlier this month .
351	0	4-12-11-21	Both courts ruled that Flavin and DCC had falsely tried to distance themselves from the sale of the Fyffes shares by using a Dutch-registered tax shelter called Lotus Green .
265	0	1-17-14-19	Will Obama , like Al Gore in 2000 and John Kerry in 2004 , use his Iowa victory to catapult himself to victory in New Hampshire ?
1086	1	4-60-39-72	But many of these ingredients have n't undergone scientific research to prove this benefit .
413	1	9-24-19-26	`` I 've directed the Federal Motor Carrier Safety Administration -LRB- FMCSA -RRB- to use its existing authority to prohibit commercial truck and bus drivers from texting while driving , using any handheld cellphone or other device that takes a driver 's attention off the road , '' Transportation Secretary Ray LaHood said .
245	0	1-17-7-20	British bus and train operator FirstGroup PLC announced a $ 2.8 billion -LRB- euro2 .15 billion -RRB- deal Friday to acquire Greyhound owner Laidlaw International Inc. , whose business is focused more on its fleet of 40,000 school buses .
609	0	9-13-11-18	A China goal looked inevitable and it was Li Jie who broke the deadlock on 57 minutes , heading a floated free-kick from deep for her second goal of the tournament .
286	0	1-4-3-10	The LCD has swept support from mainly rural areas , fighting off the newly-formed ABC which had promised to tackle poverty and corruption in one of the world 's most impoverished , AIDS-stricken countries .
1033	1	62-82-75-109	The show then cut to footage of David Cameron announcing that Duncan would return money to the fees office , followed by Duncan 's personal apology , in which he called for the system to be changed .
571	0	14-17-15-1	After casting ballot in a box stationed in Imam Khomeini Husseiniyeh center , Ayatollah Khamenei made some statements in which he highlighted the significance of Friday ballot for the next four years of the Iranian affairs and likened the elections period to Laylat-l Qadr , a certain annual night time period when according to the Islamic teachings the fate of human being is determined by God .
530	0	6-9-7-14	Along with Washburn and others , he performed some tests on Mount McKinley , becoming part of the third successful ascent of the Alaskan peak .
324	0	4-7-5-10	California Democratic Sen. Barbara Boxer went a step further , calling Palin a `` dangerous choice '' because of her inexperience .
380	1	0-9-2-26	Bush has designated Health and Human Services Secretary Michael Leavitt , Office of Management and Budget director Jim Nussle , and economic adviser Al Hubbard to negotiate with Congress .
325	0	14-20-16-25	On Monday , Saudi permanent representative to the AL Ahmad Qattan said here that he would head his country 's delegation to the summit , ruling out the presence of Saudi King Abdullah , whose country holds the rotating chairmanship of the 19th summit .
582	1	16-19-17-23	Ramon Inzunza , owner of the tour bus company Calibaja Tours , said he was helping Carnival find 90 buses with permission to cross the border and was asking the Mexican government to urge U.S. authorities to allow the bus drivers to cross .
581	0	29-31-30-33	Recent tensions with India and reported new military strategy coming from New Delhi `` have triggered a hot response from Pakistan , '' defence and security analyst Brigadier Mahmood Shah told AFP after witnessing the exercises .
284	0	20-22-21-24	Founded in 1901 , the JNF is known around the Jewish world for its little blue collection boxes , where Jews contributed money to buy land for settlement .
457	1	20-23-22-25	Bernama quoted Joseph Wan Raja as saying not all members of the tribe were in favor of the blockade as it also prevented them from getting food and other supplies .
500	0	5-11-9-13	Let 's hear it for DirecTV , which essentially saved the series by taking on some of the costs , making it possible for NBC to renew it for midseason .
222	0	14-16-15-20	The plan was born of the writers ' strike , ABC programming chief Steve McPherson told reporters in May , explaining : `` We do n't really feel comfortable picking stuff up until it 's been fully developed and piloted and tested . ''
584	0	2-12-8-19	If one state , just one , would take on the federal government , along with the AMA to remove the `` schedule 1 '' title from Marijuana everyone would benefit .
353	1	16-18-17-23	While he didnt give any specifics of how and when certain changes would occur , his words led people on the street to expect some action to come in the beginning of 2008 .
266	1	4-13-12-15	However , the United States reportedly disagreed with Lee 's views and dissuaded Taiwan from launching such a development project .
583	0	3-30-27-39	`` The Social Network , '' which stars Jesse Eisenberg as Zuckerberg and pop star Justin Timberlake as Napster founder Sean Parker , Zuckerberg 's mentor , topped the box office on its opening weekend in North America , raking in nearly 23 million dollars .
382	0	12-17-15-19	After the California Supreme Court 's ruling in May , the talk-show host , who opens her show by dancing with the audience , announced that she and de Rossi would wed after four years together .
246	0	2-19-15-22	The Dairy Council as well as the American Beverage Association , another industry confederation , lambasted the Children 's report Monday , saying it failed to assess the quality of each study .
555	0	9-15-11-23	When quantitative hedge funds tumbled in summer 2007 , Griffin reportedly called up Clifford S. Asness , managing principal of AQR Capital , looking for a deal .
516	1	1-16-12-18	Christopher Bentley , spokesman for the U.S. Citizenship and Immigration Services , defended the rigorous background checks as vital to national security .
369	0	6-10-7-12	Two years ago , the Canadian government issued a 50-cent stamp to celebrate Oscar Peterson 's 80th birthday .
431	1	8-13-12-17	she 's a spoiled little bitch and the girls just do n't want jake to be the one who has to buy her a new car every time she crashes one .
445	0	2-5-4-7	`` No government has outdone China in battling this disease , '' he said .
432	0	32-38-35-50	Entertainment Tonigh t reports that `` There is only one episode left before the hometown dates on `` The Bachelor : On the Wings of Love , '' which means that Jake Pavelka has to narrow down his pool of five bachelorettes to four on this week 's episode , sending home either Ali , Corrie , Gia , Tenley or Vienna .
331	0	0-3-1-9	He attended Oxford University as a Rhodes scholar , majoring in Arabic , Arab history and Muslim law .
225	0	5-7-6-0	Born in New York , she inherited most of her fortune from her father , Ted Arison , who founded Carnival Cruise Lines and also owned the Miami Heat basketball team .
603	1	17-19-18-21	In cooperation with the U.S. Department of Agriculture -LRB- USDA -RRB- , on Oct. 9 , ConAgra Foods directed retailers to remove the poultry pot pies from shelves , suspended pot pie production in its Marshall , Mo. , plant and advised consumers to not eat these products and discard these products while an investigation was conducted .
602	0	4-8-6-15	The benchmark Nikkei 225 stock index slipped 12.99 points , or 0.07 percent , to finish at 17,656.84 points on the Tokyo Stock Exchange .
563	1	3-5-4-7	In Jamaica , officials alerted shelters to prepare for possible evacuations Wednesday , and Carnival Cruise Lines diverted one of its ships from Montego Bay , Jamaica , to a Mexican port , company spokesman Vance Gulliksen said .
241	0	1-12-10-20	Daniel Peterson , a railway porter and self-taught musician , bestowed his love of music to his five children , offering them a means to escape from poverty .
252	0	0-16-12-2	Endeavour , packing the power equivalent to a small nuclear bomb , lit up the night sky as it twisted up and away from the Kennedy Space Center launchpad at 7:55 pm Friday -LRB- 0055 GMT Saturday -RRB- .
495	1	4-17-16-19	For example , the fact that they can ban people who take part in unsanctioned competitions discourages skaters from taking part in -LRB- and hence lending credibility to -RRB- any other supposed `` world championships '' which might be put on by private promoters or by a breakaway federation or skater 's union , and which might conceivably rival or displace the ISU 's own World Championships if such a check were not in place .
592	1	1-4-2-15	The paper cited Nicholas Burns , the US undersecretary of state for policy , as saying that if Iran did not agree to suspend the activities by the time of next month 's Group of Eight industrial nations ' meeting , the United States would press for a third round of sanctions .
534	0	8-16-10-1	Before becoming prime minister in February 2005 , Yoadimnadji had held a number of senior official positions , including minister of agriculture , president of the electorial commision and president of the constitutional council .
1194	0	0-19-4-72	Jay likes spending time with Phil and changes his surname to Mitchell , becoming Phil 's surrogate son .
1195	0	13-26-18-0	Turning west they reached Aachen , where a performance was given before Princess Anna Amalia of Prussia , the sister of Frederick the Great .
236	0	28-32-29-34	A move to New York City quickly turned the budding fashion designer into the star of her own show , ` The City , ' where viewers watched Whitney move up the ranks to work alongside fashion greats like Diane von Furstenberg and Kelly Cutrone .
399	1	0-8-2-10	She recently called on Senate Majority Leader Harry Reid to repeal the policy during an interview with talk show host Ellen DeGeneres .
504	0	9-16-12-20	Venezuela will host crucial polls in September in which Chavez hopes to secure at least two thirds of seats to maintain his current legislative majority .
1221	0	0-31-9-65	Stackard racked up his seventh victory on 9 September 1917 while piloting his Sopwith Camel ( B6204 ) .
594	0	3-7-5-11	MQM 's Saifuddin Khalid easily won a by-election on Sunday to replace Haider in an election that ANP boycotted .
356	0	1-12-10-20	Daniel Peterson , a railway porter and self-taught pianist , bestowed his love of music to his five children , offering them a means to escape from poverty .
407	1	1-4-2-17	The Monitor quoted Joanna Nathan , a Kabul-based security analyst for the International Crisis Group , as saying , `` Ghazni is important as the gateway to Kabul , and control of that road is very important , both symbolically and practically . ''
608	1	3-8-5-12	`` The only thing that kept the entire thing from being excruciatingly boring was -LRB- apparent frontrunner -RRB- Michael Johns being voted off and the shiver it seemed to send through everyone , '' observed regular `` Idol '' viewer Mike Anderson of Yakima , Washington .
354	0	2-8-4-16	George W. Bush formally named the first US envoy to the OIC in February 2008 , appointing Texas entrepreneur Sada Cumber .
499	0	26-32-29-34	Troops in Jolo have recently had to deal with another threat from renegade members of the Moro National Liberation Front -LRB- MNLF -RRB- after an MNLF commander Habier Malik shelled a Marine camp , killing two Marines and a civilian .
1142	0	36-88-47-17	Although heavily metaphorical , the piece also exemplifies the experimental and curious nature of the Quays ' work .
235	0	22-29-26-38	In another 2007 study conducted by the American Bankers Association 's Community Bankers Council and the ABA Banking Journal , nearly 60 percent of community bankers ranked remote deposit capture as their chief focus for technology investments , putting it higher than spending on Internet and core bank operations infrastructure .
547	1	2-8-4-16	Tightened visa checks have prevented or deterred foreign groups like the Committee to Protect Journalists from coming to Beijing , although actor Mia Farrow 's Dream for Darfur said its visa application was pending .
614	1	29-32-30-34	Indonesia will register an exact number of all islands with the United Nation by 2012 for the international recognition , complete with names for each island , the Jakarta Globe quoted a minister as saying on Thursday .
247	0	0-3-1-9	He worked his way through New York University , graduating in 1938 , and Fordham University Law School , graduating in 1942 .
358	0	3-10-6-12	She portrayed Rosa Parks , who sparked the civil rights movement by refusing to give up her bus seat in a miniseries , `` King '' -LRB- 1978 -RRB- , and Betty Shabazz , the wife of Malcolm X , in `` Death of a Prophet '' -LRB- 1981 -RRB- .
1207	1	100-126-118-161	When Frank , Jack , and Jennifer get to the destination , Frank pursues Holli on the casino , while Jack and Jennifer put Doc Whiskers back together after being popped by Holli 's pen .
400	0	21-25-23-30	With Allan Zeman 's help , the government-owned park , with its resident pandas , has since set attendance records while Disneyland has suffered one blow after another , even failing to reach attendance goals .
605	0	5-9-6-19	In the past , the organization petitioned the High Court of Justice against JNF and the Civil Administration , demanding public mention of the fact that in Park Canada near Latrun most of which lies within the West Bank ¬ the ruins of the villages of Yalu and Emmaus , destroyed in 1967 after the Six-Day War , can be found .
387	0	0-23-20-28	White , who took the stand just minutes before the tribunal 's hour-long lunch break , is also expected to challenge Campbell 's version of events , having told prosecutors that Taylor and her ex-protegee were `` mildly flirtatious '' throughout the dinner , and that she heard him promise the model a gift of diamonds .
528	1	13-16-14-20	But who will Jake 's parents , Sallie and Jim Pavelka like when Jakey brings both Tenley and Vienna to meet his parents .
262	0	3-8-5-10	Virginia Governor Tim Kaine will schedule a special election to fill the remainder of her term .
293	0	4-11-7-16	Taiwan 's main opposition Kuomintang on Friday expelled defence minister Lee Jye from the party , saying he had damaged the KMT 's name by removing hundreds of statues of former leader Chiang Kai - shek from military premises .
470	1	2-9-3-11	The Daily News quoted a Southern African Development Community chart as showing that Tanzania 's current power tariff was lower than that in neighboring Kenya and Uganda .
408	0	11-15-13-22	Dita Angara-Mathay , MECO 's director of commercial affairs , said Ancku is planning further investment of another US$ 100 million to build a blast furnace in the Philippines .
1044	1	5-20-12-38	When Hannah accuses Gilly of sexually abusing her , Suzanne believes her at first , but beings to grow suspicious of her story when Gilly tries to explain what really is happening .
292	0	11-15-12-19	Paul Watson of the Sea Shepherd Conservation Society said the Canadian government puts a great deal of effort into making sure hunt opponents abide by exacting standards .
450	0	7-19-8-0	Scrambling to build up a coalition , Zardari met Thursday with the leader of the Awami National Party , winner of nine seats .
460	1	4-6-5-8	Taylor Swift 's touring schedule kept her from joining Monday , and Beyonce Knowles had returned already to New York with husband Jay-Z , Phillips said .
1102	0	49-59-51-84	He should be permanently banned , and once again I raise a protest to the arbcom to quit closing appeals without decision because a user supposedly leaves , it just lets them come back to commit the same mayhem all over again .
591	0	15-25-23-31	An aide to Strom Thurmond and then to Richard Nixon , Mr. Dent was the architect of the `` Southern strategy '' that exploited white backlash against the civil-rights movement to turn the South into a Republican stronghold .
299	0	17-20-18-2	But after making her company debut as Rosalinde in Johann Strauss ' `` Die Fledermaus , '' she sang leading roles there over the next 25 years in works by Handel , Bellini , Rossini , Donizetti , Mozart , Offenbach , Thomas and Verdi , as well as modern repertory , including the title role in Douglas Moore 's `` The Ballad of Baby Doe . ''
1053	1	53-67-56-77	December 2011 ( UTC ) The bookcase is an antique and it took three people to get it in the house , so airing it out in the sun is not an option .
332	0	1-20-18-22	Major opposition All Basotho Convention has already indicated it will not be part of the march and will dissuade its membership from attending .
402	0	3-7-4-22	In July , Alcatel-Lucent reported a net loss of euro1 .1 billion -LRB- US$ 1.73 billion -RRB- for the second quarter after taking a euro810 million -LRB- US$ 1.3 billion -RRB- goodwill write-down , compared with a net loss of euro586 million a year earlier .
357	1	28-31-29-33	Efforts to create `` community forests '' , aimed to improve the welfare of people living near forested areas , have been unsuccessful so far , the Jakarta Globe quoted an official as saying on Monday .
537	0	1-8-6-13	US actress and activist Mia Farrow touched down Thursday in Hong Kong , promising not to disturb the Olympic torch relay as she campaigns over Darfur and China 's links to the Sudan government.Amid fears here over freedom of speech ahead of Friday 's leg of the relay -- which has been dogged by protests on its worldwide journey -- Farrow said she had been questioned briefly by officials on her arrival .
379	0	7-12-9-0	Written by Mark Harris , `` Boomer Century '' offers a pop-lite history of the phenomena that shaped the generation born of post - World War II optimism -- TV , JFK , Vietnam , the Beatles , drugs and free love , etc. -- with occasional sound-bites from historians and personalities like Rob Reiner , Tony Snow , Erica Jong , Oliver Stone , Julian Bond and Eve Ensler .
322	1	1-7-5-10	The NSC also plans to select four segments to be given English subtitles so that they can be broadcast abroad to help foreigners understand Taiwan 's scientific achievements , Chang added .
573	1	42-45-44-52	The window of opportunity is closing for the Republic of China to purchase a squadron of 12 P-3C anti-submarine aircraft from the United States , Minister of National Defense Lee Jye said at the Legislative Yuan May 24 , adding that the U.S. has given Taiwan till the end of May to buy the planes , otherwise they will be sold elsewhere .
1052	0	0-25-10-37	She again changed record companies , moving to Ariston .
545	0	30-34-31-5	Yet last Sunday , when asked by David Gregory on `` Meet the Press '' if he was troubled by current threats of `` violence against the government , '' Coburn blamed not the nuts but the government .
576	0	1-4-2-9	* Samsung Adds Second 5MP Camera Phone * After waiting a relative age to bust out its first five megapixel camera phone , Samsung is well and truly over its coyness .
248	0	8-13-10-15	Media in Puerto Rico reported the girl 's family was taking the Carnival cruise to celebrate her 15th birthday .
361	0	10-16-14-20	ANKARA -- Turkish Interior Minister Besir Atalay said Wednesday that Turkey is determined to take more steps towards democracy to solve the Kurdish issue , local newspaper Daily News reported .
232	0	1-10-8-12	But companies like Ambac and MBIA sought to bolster their revenue by jumping into the business of insuring debt tied to home loans .
482	1	20-32-24-41	The anti-trafficking groups and allies in Congress had tussled with Tobias as recently as March 30 , when Rep. Carolyn Maloney , D-N.Y. , wrote her Appropriations pals Reps. Nita Lowey , D-N.Y. , and Frank Wolf , R-Va. , to object to a Tobias plan to let Agency for International Development officials at embassies -- where they would be subject to pressure from trafficking local officials -- determine funding for anti-trafficking programs .
240	0	2-10-6-16	The opposition Kuomintang -LRB- KMT -RRB- expelled Defense Minister Lee Jye from the party Friday , ruling that Lee has seriously tarnished the KMT 's image .
271	0	3-8-5-10	Ten Chinese pharmaceutical companies have joined the global race to produce an effective vaccine , and throughout China more than 13,300 volunteers -- including health minister Chen Zhu -- are taking part in clinical trials .
229	0	0-11-10-13	Zuloaga , owner of the TV channel Globovision , is facing charges for making what prosecutors consider false and `` offensive '' remarks about Chavez at an Inter American Press Association meeting in Aruba .
283	0	0-11-8-13	ElBaradei called for `` concrete action '' to speed up nuclear disarmament , noting that `` The world can not afford 27,000 nuclear weapons 20 years after the Cold War . ''
532	0	29-40-32-45	`` When I think back over 10 years , I can genuinely say I 've had the best time I 've ever had in my life , '' said Cowell , who left his `` American Idol '' judge 's seat earlier this year to launch an American version of his hit British singing competition `` The X Factor '' next year on Murdoch 's Fox Network .
269	0	3-11-7-15	Although the Red Sox may have to invest as much as $ 160 million to secure Teixeira , Theo Epstein , their general manager , disputed the notion that they typically match the Yankees ' expensive moves or that they even need to do that .
471	0	2-6-5-10	The Red Sox want to take advantage of this , knowing that when they face Los Angeles later in the year , the Angels are going to have Bartolo Colon and Jered Weaver back .
465	0	16-19-17-46	Several days after the 2010 primary , Citizens for Responsibility and Ethics in Washington alleged that O'Donnell made false statements on Federal Elections Commission filings and illegally used more than $ 20,000 of her campaign funds as `` her very own personal piggy bank '' by claiming campaign expenses during a time when she had no official campaign .
375	1	24-29-27-31	Sen Barbara Boxer , D-Calif , the chair of the Senate Environment and Public Works Committee , hailed Warner 's announcement as a groundbreaking move that could convince other Republicans to support a climate change bill .
308	0	0-3-2-17	Carlyle has distinguished itself from competitors like Kohlberg Kravis Roberts and Donaldson , Lufkin & Jenrette by branding its name on its fourteen investment funds , as Fidelity does with mutual funds .
1250	1	4-23-13-31	Ian Chappell drove his team to excel themselves on the field and the Australian bowlers were backed up by some surperb catches .
595	0	24-28-26-30	She said Raul Castro , 76 , `` is helping us a lot ... not only because I 'm his daughter , but because I 've earned his respect by working at my job carefully . ''
590	1	6-10-7-12	At a church board meeting , he pushed his elder Congregationalists to allow blacks to be seated if they came in to worship .
494	0	5-9-6-16	At the same time , Boxer unleashed her own barbs against Fiorina 's leadership style , calling it a `` land-of-the-CEO , it 's - about-me world , '' and comparing Fiorina to BP chief Tony Hayward , who has been the target of criticism after the April 20 explosion on an offshore oil rig led to the largest oil spill in U.S. history .
512	0	18-20-19-23	`` We 've got a government which is reneging , dissembling , backing off , failing , '' Brown told ABC Wednesday , saying Rudd should fight an election on the issue of climate change .
485	1	12-16-15-18	Carter said Watson 's threat to ram the Japanese ship unless New Zealand and Australia stop Japan from whaling in the Southern Ocean was `` appalling . ''
383	0	0-2-1-6	Haddad-Adel left Cuba on Sunday after meeting with Cuban President Fidel Castro , Foreign Minister Felipe Perez , Vice-President Carlos Lage and his counterpart Ricardo Alarcon .
453	0	2-11-7-15	R Nicholas Burns , 51 , has led the administration 's efforts on Iran , serving as the US negotiator with the five other countries -- Russia , China , Britain , France and Germany -- that have been seeking to rein in Tehran 's nuclear ambitions .
567	0	0-12-9-18	Davis , the McCain campaign manager , last week defended his long association with the Homeownership Alliance , saying he served as `` the public face of an organization that promoted homeownership . ''
220	1	3-11-7-13	The Metro Atlanta Chamber of Commerce has set up a special committee to support Delta 's China bid , staffed by a former Delta executive .
425	1	0-8-7-10	CC is endorsing the Holt Bill and encouraging others to do the same .
570	0	6-10-8-13	He read from it : `` We then photographed the individual prior to handing him over to ensure that if the Afghan National Police did assault him , as had happened in the past , that we would have a visual record of his condition . ''
228	1	14-21-15-23	Her father , Edward , a lawyer , was concerned with social causes : he hired one of the first black lawyers to work in a white New York firm , David Goodman said yesterday .
267	1	12-17-15-19	Marsans could reject Argentina 's offer and seek international arbitration -- a move that could deter leasing companies from contracting with Aerolineas to provide the planes and equipment it needs , Williams said .
455	1	3-8-5-10	Utah Gov. Jon Huntsman is using an interstate compact to block the waste from coming to his state if EnergySolutions ' application is approved .
343	0	2-9-5-15	The ABC leader has already voiced a number of grievances about the electoral process , raising the spectre of another contested ballot in a nation which underwent huge turmoil when the 1998 election outcome was disputed .
489	1	9-11-10-21	Unwilling to accept that conclusion , Vice President Dick Cheney sent Gonzales and another official to Ashcroft 's hospital room to get him to approve the wiretapping .
478	1	0-24-13-26	Ministries , state-owned enterprises -LRB- SOE -RRB- and local authorities have to date sent more than 28,000 Communist Party of China -LRB- CPC -RRB- members to help with the quake relief work , the Information Office of the State Council said here on Monday .
1042	0	46-79-49-0	Anchoring the Jamaican 4 x 100 m relay team , he pocketed a third Commonwealth title .
619	0	25-28-27-35	`` If this is true , I hope that Australians will be as upset about this as we are , the fact that the Australian government is providing information on Australian citizens to Japan to protect illegal whaling , '' said Captain Paul Watson .
261	0	6-11-9-0	Hired as its executive director , he soon was organizing political campaigns for GOP candidates .
1189	0	67-107-85-151	Because of the special tax-exempt status of most municipal bonds , investors usually accept lower interest payments than on other types of borrowing ( assuming comparable risk ) .
376	1	23-27-25-29	The chopper from Sea Shepherd Conservation Society 's main ship was trying to find the Japanese fleet 's whale processing ship and resume attempts to harass the whalers into giving up their hunt , the group 's founder and ship captain Paul Watson said .
487	1	1-4-3-6	U.S. officials have accused him of aiding the rebels on his avowed drive to spread socialism and blunt U.S. `` imperialism . ''
291	1	0-2-1-4	They accused him of turning the Revolutionary Guards into `` his own private guard , and the media into an instrument to defend and propagate him . ''
1097	0	25-40-28-51	AfD is not cleanup , and it takes a few minutes to check notability on Google .
490	1	4-8-5-19	Iran 's Students News Agency quoted Ali Akbar Salehi , head of Iran 's Atomic Energy Organization , as saying on Monday that nearly 20 locations `` have been chosen and presented '' to President Mahmoud Ahmadinejad and that Iran will use `` new centrifuges '' at the two plants , which are included the 10 planned in November .
230	0	6-9-7-4	As closely as he could , Arnold took his shots in the same month of the year and from the same altitude and angle as Washburn .
542	0	17-23-22-25	In a recent survey conducted by Zagat and liquor giant Diageo , 58 percent of Americans said they would be willing to pay more to have a cocktail made with premium , `` top-shelf '' brands , even during an economic downturn .
392	1	1-11-10-13	The suit sought unspecified damages and a court order to stop DirecTV from saying in advertising that Time Warner Cable subscribers can not watch their local NFL teams play games when DirecTV is showing games on the NFL Network .
1146	0	43-71-62-83	During a heated battle against the X-Men , Ozymandias finally took his vengeance , stabbing Gazer from behind with a sword .
394	0	22-27-24-29	Yvonne Neddo , information officer of the Taipei-based Manila Economic and Cultural Office -LRB- MECO -RRB- , told CNA that the Philippines government also plays an important role in promoting English-learning programs in the country .
326	0	1-21-19-23	James Dobson , head of the conservative group Focus on the Family and a past critic of McCain , praised the Palins , saying the couple should `` be commended once again for not just talking about their pro-life and pro-family values , but living them out even in the midst of trying circumstances . ''
374	1	13-19-15-22	The AMA would help that group develop their statements , and then the AMA would tout the group 's position as being independent of the AMA 's .
279	0	0-5-1-13	Ackman criticized bond insurer MBIA Inc. in a 2002 report , only to face an investigation from the SEC .
405	0	8-16-13-0	Speaking to the Associated Press , Obama 's spokesman , Bill Burton , downgraded the Obama plan to `` something that we pursued with the FEC and it was an option that we wanted on the table and is on the table . ''
1161	0	0-22-8-66	It also adds a second delay ( regardless of tRNA matching ) after freeing itself from tRNA , before the aminoacyl-tRNA fully enters the A site .
1113	0	0-32-13-40	They further strengthened their team by signing Herb Gardiner of the Western League 's Calgary Tigers for defence .
391	0	16-22-18-27	On Monday , Saudi permanent representative to the Arab League Ahmad Qattan said in Damascus that he would head his country 's delegation to the summit , ruling out the presence of Saudi King Abdullah or Foreign Minister Prince Saud al - Faisal .
323	0	3-8-6-12	But while George Kennedy , who served five years in prison for having sex with a 15-year-old girl , and convicted rapist Roy Lee Smith remain in prison for parole violations , police said months ago they are not connected with Nevaeh 's murder .
304	0	8-15-13-24	2004 - Hicham El Guerrouj becomes the first man in 80 years to win the 1,500 and the 5,000 races at one Olympics , joining Finnish great Paavo Nurmi in the history books .
367	0	12-16-13-21	Insurance and banking shares led Wednesday 's gains after Moody 's Investors Service affirmed top-notch credit ratings for MBIA Inc. , reducing worries about insurers of so-called `` monolines '' -- single financial services such as home mortgages or one class of insurance .
589	1	0-10-9-13	McCain might consider Buse a family friend and not fire him for being gay , but what about the young gay person working at a DQ with an anti-gay boss -- he has no protections from getting axed if that boss learns of his employee 's orientation .
1200	1	0-68-62-91	Ben , who does not realize that he is talking to a teenager , sends William on the road to write about Stillwater .
305	0	8-50-44-52	Based on Japan 's ramen houses , this organization of more than 70 restaurants was awarded one of England 's `` CoolBrands '' - keeping company with H & amp ; M , Pink , Campari , and Alfa Romeo - and was twice named Zagat 's most popular London restaurant , beating out Nobu and Gordon Ramsay 's establishments .
479	0	2-8-5-11	The Massachusetts House of Representatives voted 124 to 21 Thursday to allow the nine state colleges to rename themselves universities , making it the farthest such a bill has ever advanced in the Legislature , said Representative David M. Torrisi , chairman of the Joint Committee on Higher Education , who voted for the measure .
1129	0	21-36-27-61	Meanwhile , Scarlett Adams takes an airplane to Hong Kong to meet her father , who works for Nightrise .
1245	0	80-110-87-3	To provide a means of communication among users who speak different languages , GoPets had a universal iconic language called `` IKU .
287	1	2-4-3-6	She said she recalled Campbell as identifying Taylor as the source of the gift .
316	1	5-14-11-19	She heads the United National Congress -LRB- UNC -RRB- , which put together a coalition of opposition parties to oust Prime Minister Patrick Manning 's National People 's Movement -LRB- PNM -RRB- .
1087	0	0-12-6-27	I 'll leave this for now , awaiting comment from others .
309	0	5-12-6-14	China 's Health Minister Chen Zhu defended his country 's aggressive quarantine policy , telling the AP on Wednesday that the measures helped slow the spread of the virus long enough for China to develop a vaccine , which authorities are now scrambling to administer .
1019	1	71-115-91-167	In addition to what Orderinchaos mentioned above , I think the earlier crop before my time had particularly strong characters in taking the initiative , especially in dealing with incidents of troublemaking , usually on controversial articles such as politics .
334	0	4-11-5-13	In February , the company dropped its $ 560 million stock-and-cash bid to buy out National Beef Packing Co. , the fourth-largest U.S. beef processor .
428	1	16-32-30-34	But renegade activist Paul Watson , captain of the Sea Shepherd 's ship , said his boat -- the Steve Irwin -- only lightly brushed the whalers ' vessel and defended the bottle-throwing as harmless .
1004	0	0-32-18-42	Voting can easily shut down the options , making both sides dig into their positions and neglect to attempt to find mutually acceptable solutions .
239	0	19-23-20-25	The elections , originally scheduled to be held around May , were moved up after former foreign minister Tom Thabane led a breakaway faction to form the ABC on October 9 on a populist ticket of fighting poverty and corruption .
416	0	14-18-15-26	Although he was crushed in the general election that year , Arizona 's Barry Goldwater wrested the Republican Party from its Midwest and Eastern roots , starting a realignment that eventually turned the GOP into the party of Ronald Reagan , the Sunbelt and the South .
1040	1	0-14-7-27	We now have 4 admins above supporting unblock ( block is now 12 hours old ) and blocking admin is offline .
541	0	3-28-27-32	French actress Juliette Binoche back in Iran French actress Juliette Binoche , who is working on a new film with celebrated Iranian director Abbas Kiarostami , is visiting Iran in order to deepen her knowledge of the country , the ISNA agency reported Wednesday .
527	0	6-35-34-40	He highlights the story of Irene Morgan , who refused to give up her seat on a Virginia bus in 1944 -- more than a decade before Rosa Parks ' famous refusal -- and took things a step further by kicking a sheriff 's deputy in , as she said , `` a very bad place . ''
538	0	1-26-25-28	Susan Chang , who is the head of the Taipei-based Bankers Association of the Republic of China and chairwoman of Taiwan Financial Holding Co. , told reporters before attending the event that the association will `` provide all the necessary help '' to the Chinese lender 's office .
440	0	5-13-10-19	However , the daily Ipsos poll for Le Point magazine showed a widening gap between the two front-runners , putting Sarkozy at 30 percent and Royal 23.5 percent -- with Bayrou holding steady at 18.5 percent and Le Pen dropping slightly to 13 percent .
276	0	11-15-13-17	The more assertive stance in part comes because Israel 's aggressive media has created more transparency , forcing the legal system to step in to take action , said Emanuel Gross , a law professor at Haifa University .
523	0	14-19-17-30	Salehi , Iran 's nuclear chief , told Iranian state television Saturday that the government had `` pre-empted a conspiracy '' against Tehran by the U.S. and its allies by reporting the site voluntarily to the IAEA .
363	0	9-15-11-49	The report also notes a 2003 e-mail between Citizens employees that discussed a $ 3,600 sponsorship for Saint Anselm College , of Manchester , N.H. , as well as a $ 2,500 sponsorship of a 2004 diversity scholarship dinner for Sacred Heart University in Fairfield , Conn. , to try to maintain the bank 's business on the campuses .
524	0	0-4-1-14	Alonso won his two titles in 2005 and 2006 with the French team before moving to McLaren with whom he finished third in this year 's title race behind Kimi Raikkonen and teammate Lewis Hamilton .
515	1	6-12-11-14	S : Do you think that Spencer should have attempted to stop her from getting the plastic surgery ?
1000	0	0-73-54-7	This , combined with the over of Upper Klamath Lake , formed a temporary habitat for millions of migratory birds .
370	0	31-36-33-24	Pakistan People 's Party -LRB- PPP -RRB- Punjab president , Shah Mahmood Quraishi along with several of his associates have been arrested , while leading a PPP motorcade from Okara , he was addressing a press conference at the residence of MPA Raja Riaz here .
473	0	2-25-23-32	Sen. Barbara Boxer , Democratic chairman of the Senate Environment and Public Works Committee , who will attend the Bali conference , has scheduled a vote on a global warming bill , requiring emission reductions of 70 percent by mid-century , for next week .
347	0	42-45-44-47	Some news sources say that no live Nukes have been airborne since SAC ended the chromedome flights after that mess at Thule , but I find that hard to believe , since SAC was at DEFCON3 over the '73 war when the Soviets were making noises about supporting the Syrians , and there was another when Nixon was trying to make a point , Operation Lance , or something like that , where B-52s were back on the racetrack pattern at Failsafe point
341	0	5-21-19-27	Last year , the Red Sox , facing elimination , rallied from a seven-run deficit in Game 5 and took Tampa Bay to a seventh game before succumbing .
438	1	8-11-10-13	`` They pretend to be ANP , because they can get someone to stop with a Kalashnikov and half a uniform , '' Hagerman said , using the initials of the Afghan National Police .
319	0	3-7-4-10	Jefferson J. DeBlanc Sr. downed five Japanese planes before being shot down himself during a World War II mission .
1015	0	14-32-17-92	In season 4 , he leads a search party into the ruins of Praxtus , the underground city , to find Helen Magnus .
263	0	4-7-6-13	Britain announced Saturday that it would award Rushdie a knighthood , along with honoring CNN reporter Christiane Amanpour and several others , including a KGB double agent .
578	1	19-21-20-23	`` I ca n't believe that I 'm celebrating the new year with you in Israel , '' Maariv newspaper quoted her as telling Peres on Saturday .
448	1	1-46-45-53	Other senators , including Charles E. Schumer , D-N.Y. , Byron L. Dorgan , , D-N.D. , Ben Nelson , D-Neb. , Bill Nelson , D-Fla. , Barbara Boxer , D-Calif. , and Edward M. Kennedy , D-Mass. , the authors add , were also nudging Obama , then a senator , to take the plunge , though most would `` root for Obama secretly , '' as they feared retribution from the Clintons should Clinton eventually prevail .
406	0	6-9-7-1	To burnish his bipartisan credentials , Schwarzenegger invited the state 's top Democrats , including Rep. Nancy Pelosi of San Francisco , who on Thursday became the first woman speaker of the House , and Sens. Dianne Feinstein and Barbara Boxer , although none of them attended .
462	0	4-11-9-21	The IAPA 's executive director , Julio Munoz , denied the Miami - based association has unfairly singled Venezuela out , saying the group warns against perceived threats to press freedoms across the Americas regardless of political leanings .
446	0	13-16-15-1	`` Born , raised and educated in our home state of Ohio , Paul never lost sight of the reason he came to Congress -- to serve this great institution and his constituents with dedication and distinction , '' House Republican Leader John Boehner , also of Ohio , said in a statement .
598	1	2-7-3-12	A military official phoned a South Korean counterpart at 8 a.m. to urge Seoul to cancel the drills , the North 's news agency KCNA reported .
546	0	2-8-3-14	Host Jimmy Fallon opened the 62nd Primetime Emmy Awards on a musical note , performing a song-and-dance number with the cast of `` Glee '' and a wildly mismatched group of celebrities including Betty White , Jon Hamm , Kate Gosselin and Randy Jackson .
437	1	33-39-34-41	The U.S. and South Korean authorities should understand there was a critical point in the tension and should not calculate they could evade the blame for the explosive situation , official news agency KCNA quoted a DPRK Foreign Ministry spokesman as saying .
606	0	0-14-11-16	Organizations such as Servicemembers Legal Defense Network and Servicemembers United have taken the any-port-in-the-storm approach to get DADT repealed during the lame-duck session .
300	0	12-19-17-26	Tom Thabane resigned in October last year to form the All Basotho Convention -LRB- ABC -RRB- , crossing the floor with 17 members of parliament , causing constitutional monarch King Letsie III to dissolve parliament and call the snap election .
569	0	7-11-8-13	`` She is recovering well , '' Clifford told The Associated Press after speaking by telephone to Boyle 's two brothers .
348	0	7-10-8-20	Nader has raised $ 1.9 million since he entered the race this year , including $ 365,973 in August , leaving him with $ 390,118 in the bank at the end of the month , according to campaign finance reports filed this week with the Federal Election Commission .
330	1	0-4-2-6	She recently called on Reid to repeal the policy during an interview with talk show host Ellen DeGeneres .
522	0	6-18-16-20	Retired Supreme Court Justice Sandra Day O'Connor , a longtime critic of judicial elections , has taken the lead in denouncing what she has called the `` arms race '' in campaign fundraising , and at a recent conference she presided over at Georgetown University Law Center , two of her like-minded former colleagues -- Justices Stephen Breyer and David Souter -- were in the audience .
277	0	5-19-18-24	It is now up to Huber , who started his career as a tool-maker but went on to study history and philosophy , to define a new strategy to unify the remaining 2.3 million members of the union , which is still the most powerful in Germany .
403	0	0-2-1-7	Button took something of a gamble by leaving Brawn GP -LRB- now Mercedes -RRB- to join McLaren , where he is directly compared with Hamilton -- a talented driver who had been integrated into the team since his teenage years and won the world drivers ' champion in 2008 .
442	0	12-21-19-0	Conducted by Lindsay M. Hayes , a national prison specialist , the study , released earlier this year , made 29 recommendations for change that were quickly adopted .
1206	0	26-50-38-141	In this context , Palazzo Sanguinetti offered the possibility to increase and enhance the cultural value of such precious musical heritage , fulfilling the double goal of reassuring an expository frame worthy of the priceless quality of the items displayed .
587	1	3-11-9-15	A Washington Post obituary for Rep. Juanita Millender-McDonald incorrectly credited the congresswoman with being the first African American to chair the House Administration Committee .
452	0	13-16-15-20	Their missiles can cover the entire width of the Gulf and `` no ship can cross it without being within range '' , said General Rahim Yahya Safavi , now an aide to supreme leader Ayatollah Ali Khamenei .
410	1	1-7-2-9	State-run RIA-Novosti cites an unidentified law enforcement official as saying three other people were still missing and six others were injured by the blast Thursday at a mine in the Murmansk region .
430	1	16-19-17-33	`` The system can tell the safety of most food products within 30 minutes , '' it quoted Li Jie , deputy director of the Shanghai Food and Drug Supervision Institute , as saying .
548	0	13-20-17-24	Nuclear suppliers meet again in Vienna for US-India nuclear deal The Nuclear Supplier Group -LRB- NSG -RRB- opened a two-day meeting here Thursday to discuss a US draft for a waiver breaking a nuclear trade embargo imposed on India .
258	0	4-9-5-1	After leaving Japan , Cromartie managed the Japan Samurai Bears in the Golden Baseball League in 2005 .
1182	1	15-32-24-159	This perceived betrayal angered Shivaji , who in December would exact revenge by plundering the English factory at Rajapur and capturing four of the factors , imprisoning them until mid-1663 .
597	1	2-19-18-23	But Julian Bond , the chairman of the National Association for the Advancement of Colored People , has described him as `` tremendously appealing . ''
417	1	10-18-15-20	To this end , he urged the Indonesian football sport organizer -LRB- PSSI -RRB- to recruit world-class football coaches to push the national team to the top , the Jakarta Globe reported .
558	1	39-41-40-43	`` The dependency is less compared with 10-15 years ago where the U.S. was the most important export market for Malaysia with almost 30 percent of Malaysia 's exports going to the U.S. , '' the national news agency Bernama quoted Stedtfeld as saying .
559	0	10-15-12-25	The Bucs needed to force all six turnovers including four fumbles that set up a touchdown and three field goals in the first half to improve to 7-4 overall and maintain a two-game lead in the NFC South over New Orleans heading into Sunday 's critical showdown with the Saints at the Superdome .
497	0	7-10-8-24	That began to change last August after Monster signed a deal with the new owners of The Philadelphia Inquirer and Philadelphia Daily News to run the online job search sites of those newspapers and share revenues .
556	1	21-25-23-40	As of this week , Rudin said , one remaining question was to what extent the finished film would include a scene that depicted Sean Parker , the Napster co-founder who was heavily involved with Facebook 's early history , delivering his dialogue while a pair of teenage girls offer partygoers lines of cocaine from bared breasts .
1088	0	6-36-23-71	Brett Love of TV Squad reviewed the episode slightly more negatively , stating that `` the whole Peter story just did n't do much for me .
1011	0	9-128-119-198	Canadian football , which adopted the forward pass and the end zones in 1929 ( far later than the Americans ) , merely appended 20- to 25-yard end zones to the ends of the existing 110-yard field , leaving the goal posts on the goal line and creating a much larger field of play .
377	1	51-57-56-59	Among the measures with which he was most closely identified were the Comprehensive Employment and Training Act , which was designed to create jobs ; the Youth Employment and Demonstration Projects Act of 1977 , which created jobs for young people involving conservation and community-improvement activities ; and the Pregnancy Disability Act of 1978 , which barred employers from discriminating on the basis of pregnancy and required them to cover pregnant workers in their disability and health - insurance plans .
466	0	0-12-9-18	He helped build Jewish communities in east Jerusalem and razed an Arab neighborhood in the Old City to create a plaza in front of the Western Wall , the Jewish holy site .
278	0	2-17-15-24	ConAgra Foods Inc , maker of Hebrew National hot dogs and Slim Jim snacks , fell the most in more than a year after reporting a drop in third-quarter revenue .
253	0	27-32-30-37	Raul Castro , who took over the presidency from his brother in 2006 , thanked his hosts for a `` very enjoyable afternoon , '' and said he hoped to have more time on another occasion to come and talk about `` the Hebrew community in Cuba and the fabulous history of the Hebrew people . ''
477	1	0-2-1-4	Judge blocks DirecTV from airing ads in Time Warner markets A judge Monday blocked DirecTV Group Inc from airing advertisements in which singer-actress Jessica Simpson and actor William Shatner say its high-definition television service provides better pictures than Time Warner Cable Inc 's high - definition service .
238	0	4-7-5-18	Reigning Olympic champion Yevgeny Plushenko got his campaign for the Vancouver Games off to a strong start by leading the short programme at the Rostelecom Cup , the Russian leg of the ISU Grand Prix series here on Friday .
506	1	11-14-13-18	With many other forces in play , how much Bellecourt 's campaign has influenced colleges and universities to abandon Indian mascots is hard to gauge .
511	0	7-20-17-1	Easily re-elected for five more terms , Derounian , a Goldwater Republican from a Rockefeller state , suffered a narrow defeat when the Republicans lost Nassau County in the landslide victory of Lyndon B. Johnson over Barry Goldwater in the 1964 presidential election .
272	1	13-21-19-23	By a 60-37 vote , the Senate approved a provision from Sen. Barbara Boxer , D-Calif. , that would block the EPA from relying on such testing _ including 24 human pesticide experiments currently under review _ as it approves or denies pesticide applications .
433	0	0-3-1-6	Phoenix complains a lot about being misunderstood , gives passionate bear hugs to fellow actors Sean Penn , Bruce Willis , Jack Nicholson and Danny Glover at a play rehearsal , and makes a halfhearted attempt at attending President Barack Obama 's inauguration .
513	0	10-16-14-25	The secretary said he was happy that the National Sports Commission -LRB- NSC -RRB- approved the inclusion of the sparring partners on the list , noting that the boxers did well during the Olympic qualifiers in Namibia in March .
384	0	7-13-11-15	The Tokyo Stock Exchange 's benchmark Nikkei-225 index of leading shares rose 202.25 points to end at 16,844.50 , a day after slumping 3.34 percent .
554	1	18-22-19-33	That 's why this bill is so important , '' said Sen. Barbara Boxer of California , as she joined Sens. John Kerry of Massachusetts and Hillary Rodham Clinton of New York in announcing the bill .
600	1	34-46-44-48	Scores of politicians , business executives and economic development officials ranging from Georgia Gov. Sonny Perdue to Metro Atlanta Chamber of Commerce President Sam Williams had lobbied on Delta 's behalf , arguing that access to China would boost exporters in the Southeast and draw Chinese businesses to open facilities in the region .
315	0	9-14-12-18	Jefferson J. DeBlanc , a World War II fighter pilot who was awarded the Medal of Honor for shooting down five Japanese planes on a single day while running out of fuel , died Nov. 22 in Lafayette , La. .
231	1	6-22-19-39	They were among more than 100 people -- including Bell 's parents , William and Valerie Bell -- who packed the Harlem headquarters of the National Action Network , the organization founded by the Rev. Al Sharpton , to denounce the verdict and the judge who handed it down .
268	1	2-4-3-20	Carnival Cruise Lines diverted one of its ships to a Mexican port instead of Montego Bay , Jamaica , to avoid the storm , company spokesman Vance Gulliksen said .
459	0	13-17-15-21	Col. Jefferson J. DeBlanc Sr. , 86 , a retired Marine Corps fighter pilot who received the Medal of Honor after shooting down five Japanese warplanes during a World War II mission over the Pacific , died November 22 -LSB- 2007 -RSB- of complications from pneumonia at Lafayette General Medical Center in Lafayette , Louisiana .
307	0	1-5-2-9	The Nets reached the ABA finals in 1972 , losing to the Indiana Pacers .
560	1	4-9-8-11	Levant said Houle 's advice to Coulter had emboldened students to block her appearance .
429	1	34-36-35-38	KUALA LUMPUR , Oct 8 -LRB- Xinhua -RRB- `` Currently , we have 3 Boeing 737 and 37 medical specialists , of whom 12 are based in Malaysia , '' Malaysian national news agency Bernama quoted Newton as saying .
519	0	4-8-5-15	The Servicemembers Legal Defense Network appealed O'Toole 's ruling on behalf of the veterans , arguing that at a time when the military is having recruiting difficulties , it is discharging distinguished service members because they are gay .
424	0	2-19-17-27	`` The US plans to dominate oil and gas resources in the Middle East and tries to govern the fate of regional oil-rich nations in order to take trunk card against countries like China , '' Haddad-Adel added .
562	1	10-15-14-17	Her message struck a chord with the audience , several members of which later approached her about putting it in writing .
1169	1	114-143-127-153	POV is evidenced not only by explicit declarations , but also , far more frequently , by this kind of behaviour , which lazily employs the POV charge to suppress unwelcome edits .
616	1	0-4-3-6	Spencer will then talk her into doing soft core -LRB- at first -RRB- movies with him .
1179	0	8-30-10-44	Comment I find only locl news coverage when searching google news .
443	0	47-52-49-54	Set movie review grade Hal Horowitz/Getty Images internal videos / html on top external videos / html on top audio player gallery preview custom polls movie review grade wrapper -LRB- ca n't think of a better way to do this -RRB- movie review grade Original Bachelorette Trista Sutter is putting her reality-TV experience to use for us here at Watch With Kristin by blogging about Jillian Harris ' quest for the perfect guy .
237	0	21-24-23-31	As part of its DMC deal , which hinges on state approval of a tax-free zone for the Midtown campus , Vanguard would invest $ 850 million over five years to modernize the DMC 's eight hospitals . 
601	0	9-11-10-21	In 1963 , when she was 7 , her father mentioned her and her siblings at the March on Washington , saying : `` I have a dream that my four little children will one day live in a nation where they will not be judged by the color of their skin but by the content of their character . ''
525	0	1-7-2-14	The military dispatched at least 10 attack helicopters and four OV-10 Bronco bombers to soften the MNLF defenses and pave way for the capture of the rebel camp in Panamao town in Sulu , the report said .
337	1	17-30-28-35	Transportation Secretary Ray LaHood said in a statement that he has directed the Federal Motor Carrier Safety Administration -LRB- FMCSA -RRB- to `` use its existing authority to prohibit commercial truck and bus drivers from texting while driving , using any handheld cellphone or other device that takes a driver 's attention off the road . ''
1208	1	85-115-100-122	Interviewing Shinto the gardener boy at the boy 's home he learns that the Dawkins ' manservant has threatened the boy to make him keep silent .
414	1	21-24-22-28	Sculfor , a would-be actor known in his country for an underwater Levis jeans commerical , is sports-oriented and courtly , People quotes a friend of his as saying .
1078	1	0-17-12-32	One can not stop believers from believing .
281	1	26-35-34-37	Photo credit : Mavrix Whew ... it 's a good thing that Brody Jenner , Frankie Delgado , Pete Wentz and Kendra Wilkinson did n't have anything pressing on their schedules that might 've kept them from participating in this event .
372	1	8-12-9-1	To help develop proper screening procedures , the TSA formed a disability coalition of at least 70 organizations nationally , including the Amputee Coalition of America , The Seeing Eye dog - guide school , Paralyzed Veterans of America , United Ostomy Associations of America and Englewood 's Craig Hospital , a recognized center for treating spinal-cord injuries .
464	0	13-17-15-20	The Department of Justice said it would n't challenge that deal , but it did file a lawsuit Monday to block JBS from buying the nation 's fourth-largest beef processor , National Beef Packing Co. of Kansas City , Missouri .
520	1	10-23-22-26	Despite the Pentagon 's guidance , the Servicemembers Legal Defense Network , a group representing service members affected by the ban , cautioned gays not to apply for military service while the policy remains in legal limbo .
615	1	18-29-27-31	As baseball is not only the national sport but also a core sporting industry in Taiwan , the collapse of the country 's professional baseball league could cause 30,000 people to lose their jobs , Sports Affairs Council -LRB- SAC -RRB- Minister Tai Hsia-ling said Wednesday .
254	0	16-23-22-1	After holding high-level protocol positions in the Reagan administration and with the U.S. Information Agency , Ahearn -LRB- pronounced uh-HURN -RRB- was named chief of protocol by House Speaker Newt Gingrich , R-Ga. , in 1995 .
423	1	15-25-20-27	He said that he was heading up a health ministry leading group to combat the disease , which would soon hold a national tele - conference to urge stepped-up nationwide monitoring , reporting , prevention and treatment of the disease .
350	0	2-5-3-7	Still , Pandit collected a windfall from selling his investment fund , Old Lane Partners , to Citigroup for $ 800 million in April 2007 .
496	1	0-2-1-9	This provoked McCain , a presidential candidate , to remark , that what he , McCain sees when looking into the eyes of Putin , is ` three letter : KGB , '
288	0	2-16-11-18	The current world No. 7 , just 18 years old , made the women 's singles semifinals after ousting Li Jie of the Netherland and South Korea 's Park Mi Young , and partnered Li Xiaodan to beat the Korean pair Park and Kim Kyung Ah for the women 's doubles final , all in five sets .
355	0	4-17-15-19	On Monday , FirstGroup PLC , the largest surface-transportation company in the United Kingdom , took over Laidlaw to complete a $ 36 billion -LRB- euro2 54 billion -RRB- acquisition .
1025	0	0-34-4-56	She joined the Western Australian Police in 1969 before moving into social work in 1981 .
488	0	12-18-16-20	Standing on the Jacksonville sideline on Dec. 10 , he watched as poor tackling and ennui undid the Colts , creating the gaping holes that allowed the Jaguars to rush for 375 yards in a 44-17 victory that Colts defensive end Robert Mathis described this week as one of the most embarrassing games of his career .
505	0	2-14-10-16	Her new husband , the Philly Eagles boy Hank , gave her a wedding ring to compliment her engagement ring and her `` expecting a baby '' ring -LRB- apparently that 's ` the ' thing now -RRB- .
599	0	16-19-18-41	Since the beleaguered bond insurance industry was thrust to the foreground of the credit crisis , MBIA has sold $ 1.6 billion -LRB- euro1 .08 billion -RRB- of stock and $ 1 billion -LRB- euro0 .67 billion -RRB- in bonds , fortifying a $ 17 billion -LRB- euro11 .47 billion -RRB- cushion the company has available to pay claims .
242	0	15-20-18-2	Later , sitting elbow-to-elbow in a studio on the campus of St. Anselm College , Romney and McCain renewed a debate they have been conducting at long distance about who is better equipped to bring change to Washington .
1232	0	0-24-11-56	Wright had fed a single note through a Leslie speaker , producing a submarine-like ping .
270	0	4-10-8-31	Fortunately for us , she 's willing to share her gift with the world -- by looking into her magical crystal ball -LRB- also known as the camera lens -RRB- and telling us what she sees for the City gals in 2010 .
1026	0	0-17-8-34	You can create a redirect without listing on AfD first .
352	0	0-5-3-7	Palu , who broke his hand while playing for the NSW Waratahs during the Super 14 series , has missed all of Australia 's matches this year against the Barbarians , Italy -LRB- twice -RRB- and France and takes the place of Dean Mumm , who goes on to the reserves bench .
480	0	16-27-24-33	At the session , ruling Democratic Progressive Party Legislator Kuan Pi-ling suggested that the Sports Affairs Council emulate the United States and plan to boycott the opening ceremony of the Beijing Olympics to express Taiwan 's indignation over China 's military crackdown on Tibetan protesters .
539	1	3-31-27-37	In fact , aides to Boxer , the liberal California Democrat who is a top Republican target as she seeks a fourth Senate term , had been calling Obama 's political advisers since early last year to get the president 's commitment to come out west for at least two fundraisers , in Northern and Southern California , like Bill Clinton did when he was president .
303	0	40-42-41-44	Only a few months ago , Al Hubbard , director of Bush 's National Economic Council , brushed aside the idea of a carbon tax : `` The American people are not interested in paying more for gasoline , '' he told me , sounding like a frog in the path of a herd of elephants who says he 's not interested in jumping .
280	1	31-34-32-36	He would sit on a staircase at the end of the street enjoying the view and running an interior monologue : `` I accept that this house is mine , and I thank the universe for providing me with this house , '' he says , with a laugh .
502	0	11-29-25-34	Earlier this month , CNAC helped scuttle a bid by Singapore Airlines and its parent , the government investment agency Temasek Holdings Ltd. , to buy a 24 percent stake in China Eastern by promising shareholders a higher price .
566	0	2-12-9-14	Happily , Favreau and screenwriter Justin Theroux manage to juggle all these personalities while keeping Iron Man the central attraction -- somehow avoiding the dreaded `` Spider-Man 3 '' curse of too many uninteresting distractions .
249	0	2-9-5-13	Col. Mike Kelly , who ended a 20-year military career last week to run as an opposition candidate at federal elections later this year , gave his first television interview about his experiences in Iraq to Australian Broadcasting Corp. .
1013	1	93-114-100-141	While the current building , located at 1901 SW Genesee Street , was opened in 1999 , Cooper School enjoys a long history in the community , dating back to 1906 , when a group of 70 students , children of steel mill workers , attended classes at Youngstown School in a small building offered by the Seattle Steel Company .
396	0	6-13-11-15	Back in the 1960s , John Lewis risked his life and endured savage beatings to secure fundamental rights for black Americans while right-wing Republicans like Barry Goldwater and Ronald Reagan were lining up with segregationist Democrats to oppose landmark civil rights legislation .
346	1	7-14-8-20	A Mainland Affairs Council -LRB- MAC -RRB- official warned Taiwan 's local travel agency operators and tour guides Sunday from dealing in yuan , the Chinese currency .
275	0	15-19-16-25	During his schedule presentation to advertisers in New York last week , ABC 's Steve McPherson launched an impassioned defense of the pilot-based approach , calling it `` the R&D of our business . ''
498	0	17-13-14-0	Speaking at the ceremony at St Stephan 's Cathedral , Austrian President Heinz Fischer praised Waldheim 's contribution to the development of Austria and the human beings , saying that as an Austrian diplomat , former foreign minister and president , he served his best for the country .
257	0	15-29-28-33	Since 1834 , when the first such college was established , America 's historically black colleges and universities -- such as Morehouse and Spelman in Atlanta -- have provided education and training to uplift a race long oppressed by slavery and segregation .
344	1	19-23-22-25	Chris Diamantopoulos may be playing the best gay pal of Debra Messing on a TV show , but the actor does n't want anyone to expect his role on USA Network 's `` The Starter Wife '' to resemble the Eric McCormack part on Messing 's last series , `` Will & amp ; Grace . ''
306	0	9-13-11-1	After living in the U.S. for 10 years , applicants must renew their identification -- a process that involves immigration officials collecting biometric information and conducting background checks against law enforcement databases , said agency spokesman Chris Bentley .
349	0	16-20-17-22	In testimony by satellite link from Germany to a House of Representatives ' panel , Murat Kurnaz recounted his five-year detention , alleging a wide range of torture and abuse .
378	1	4-17-15-20	Supreme Leader Ayatollah Ali Khamenei , who has final say on all state matters , accused the opposition Sunday of exposing divisions in the country and creating opportunities for Iran 's enemies .
435	0	12-18-13-23	Chavez acted then to show solidarity with Bolivia after Bolivian President Evo Morales ordered out the top U.S. diplomat in his country , accusing him of helping the opposition incite violence .
1055	0	29-44-35-79	If you 're able to do that , I can leave an update on the Ping Fu Talk page to explain and invite editors to continue work on the sections once live .
411	0	14-18-16-20	`` We rule out the possibility that our neighbours ... will allow the United States to use their territory in attacking Iran , '' Iranian parliament speaker Gholam Ali Hadad Adel told reporters during an official visit to Kuwait .
483	0	6-10-7-12	When her fundraising fell short , she mortgaged her family home to pay for daily operations .
509	0	17-19-18-22	`` We will continue with our plan , complying with the regulations of international organizations , '' he told reporters Wednesday , speaking through an interpreter .
1111	0	0-21-6-75	Burks played college basketball at the University of Colorado at Boulder , receiving many accolades including the Big 12 Conference Freshman of the Year Award .
273	0	3-16-14-23	The broader Topix index of all First Section issues on the Tokyo Stock Exchange added 32.52 points , or 2.07 percent , to end at 1,606.49 .
259	0	9-11-10-18	Manhattan District Attorney Robert M. Morgenthau said that A.R. Baron used lies , unauthorized trades and theft to defraud investors of at least $ 75 million from 1991 to 1996 .
572	0	1-8-7-9	The airline , he said , was having trouble getting enough planes and crews to JFK to handle to handle the flights , in part because of federal regulations limiting pilot work hours .
371	1	1-16-15-18	Several staffers from the National Action Network , a Sharpton-led civil rights organization , also got subpoenas to testify , said Sharpton lawyer Michael Hardy .
